oid,mjd,mag,magerr,catflags,filtercode,ra,dec
722214100004728,58198.3931944,20.1518593,0.126485273,0,zr,245.5280412,43.7769031
722214100004728,58198.3990741,20.07061,0.119070888,0,zr,245.5281921,43.7768933
722214100004728,58198.4336806,20.0641403,0.118496008,0,zr,245.5281146,43.7768551
722214100004728,58198.4522569,20.0633087,0.11842224,0,zr,245.5281594,43.7768961
722214100004728,58198.4684722,20.0917816,0.120968401,0,zr,245.5281312,43.7769059
722214100004728,58198.4843287,20.0241241,0.114990175,0,zr,245.5281631,43.7769105
722214100004728,58216.3596296,20.0504551,0.117287248,0,zr,245.5280513,43.7768978
722214100004728,58216.3605787,20.1181221,0.123363145,0,zr,245.5280446,43.7768334
722214100004728,58216.3615278,20.1308441,0.124533221,0,zr,245.5281469,43.776891
722214100004728,58216.3764583,20.1900578,0.130093783,0,zr,245.5282668,43.7768598
722214100004728,58216.3994329,19.8634415,0.101786569,0,zr,245.5282214,43.7768478
722214100004728,58217.3862153,20.0481529,0.117084801,32768,zr,245.5280501,43.7768691
722214100004728,58217.4067245,19.9556046,0.10918919,0,zr,245.528164,43.7768792
722214100004728,58217.4408796,20.025404,0.115100771,0,zr,245.5282362,43.7768221
722214100004728,58217.4653819,20.0516682,0.117393814,0,zr,245.5282148,43.7768336
722214100004728,58217.4663542,19.9140263,0.105793022,0,zr,245.5281472,43.7768425
722214100004728,58217.4809375,20.048418,0.117108069,0,zr,245.5281829,43.7769471
722214100004728,58218.339838,20.2075996,0.131777138,0,zr,245.5281289,43.7769059
722214100004728,58218.3626505,19.8029175,0.0971714333,0,zr,245.5281531,43.776892
722214100004728,58218.3866204,20.0441017,0.11672949,0,zr,245.5281746,43.7769423
722214100004728,58218.4139236,20.0250816,0.115072913,0,zr,245.528132,43.7768673
722214100004728,58218.4148843,20.0043945,0.113293536,0,zr,245.528064,43.7769003
722214100004728,58218.4342245,20.0967064,0.121413365,0,zr,245.5281536,43.7769044
722214100004728,58218.4575,20.1674004,0.127943948,0,zr,245.5279126,43.7768623
722214100004728,58218.4584144,20.1450901,0.125853762,0,zr,245.5281771,43.7768991
722214100004728,58218.4608102,20.216423,0.132629976,0,zr,245.5281677,43.7769202
722214100004728,58219.3646296,19.9839401,0.111557141,0,zr,245.5281317,43.7769074
722214100004728,58219.3865856,19.9018631,0.104817167,0,zr,245.5281434,43.7768667
722214100004728,58219.3875463,20.098629,0.121587314,0,zr,245.5280398,43.7768891
722214100004728,58219.3898843,20.1777744,0.128924862,0,zr,245.5279398,43.7769166
722214100004728,58219.4145949,19.8377037,0.0998003334,0,zr,245.5281617,43.7769144
722214100004728,58219.4561458,20.1186733,0.123413607,0,zr,245.5282451,43.7769121
722214100004728,58219.4570602,19.9183788,0.10614416,0,zr,245.5282495,43.776874
722214100004728,58219.4579745,19.9195671,0.10624022,0,zr,245.5279887,43.7769411
722214100004728,58219.4757639,19.858078,0.101369694,0,zr,245.52812,43.7769029
722214100004728,58222.3778935,20.08531,0.12038587,0,zr,245.5281385,43.7769192
722214100004728,58222.3788426,19.9610329,0.109639414,0,zr,245.528074,43.7768322
722214100004728,58222.4014005,19.9539318,0.109050669,0,zr,245.5280302,43.7768312
722214100004728,58222.4023611,20.0341072,0.115856595,0,zr,245.5279751,43.7768246
722214100004728,58222.4198264,20.0928879,0.121068224,0,zr,245.5281572,43.7769134
722214100004728,58222.420787,19.9235115,0.106559582,0,zr,245.5281131,43.7768971
722214100004728,58222.4573611,19.9358006,0.107559957,0,zr,245.528182,43.7768554
722214100004728,58222.4769329,19.9742146,0.110739507,0,zr,245.5281215,43.7769206
722214100004728,58224.4358333,20.1519356,0.126492396,0,zr,245.5280771,43.7769032
722214100004728,58224.4367477,19.7591324,0.0939524919,0,zr,245.5279558,43.7769049
722214100004728,58226.3409954,19.9980907,0.112756073,0,zr,245.5281079,43.7769145
722214100004728,58226.3614931,20.135828,0.124994107,0,zr,245.5281269,43.7768731
722214100004728,58226.3809144,19.9999809,0.112916969,0,zr,245.5281174,43.7769057
722214100004728,58226.4087269,20.0170403,0.114378452,0,zr,245.5281159,43.7768727
722214100004728,58226.4307176,19.9726868,0.110611476,0,zr,245.5280951,43.7768854
722214100004728,58226.4316319,19.9224968,0.106477372,0,zr,245.5281062,43.7768991
722214100004728,58226.4325463,20.0240364,0.11498253,0,zr,245.5280928,43.7768418
722214100004728,58226.4626852,19.9364681,0.107614532,0,zr,245.528054,43.7768981
722214100004728,58226.4636111,20.0111694,0.113873787,0,zr,245.5281193,43.7769146
722214100004728,58226.4645602,20.0926132,0.121043488,0,zr,245.5282235,43.776874
722214100004728,58227.4007986,19.9087486,0.105368629,0,zr,245.5280306,43.7769284
722214100004728,58229.3930903,19.9242516,0.106619626,0,zr,245.5281775,43.776926
722214100004728,58229.4064583,19.9150486,0.105875455,0,zr,245.5281634,43.7768923
722214100004728,58229.4074306,19.9253197,0.106706284,0,zr,245.5282625,43.7769824
722214100004728,58229.4083449,19.9968262,0.112648472,0,zr,245.5280238,43.7768842
722214100004728,58229.4353125,19.9129257,0.105704427,0,zr,245.5281622,43.7768379
722214100004728,58230.4346065,19.9575787,0.109352753,0,zr,245.528144,43.7768619
722214100004728,58230.4355787,19.9931355,0.112334996,0,zr,245.5281411,43.7768366
722214100004728,58230.4413079,19.8209991,0.0985299498,0,zr,245.5281194,43.7769099
722214100004728,58231.3070139,19.9911442,0.112166107,0,zr,245.5280778,43.776904
722214100004728,58231.3519907,20.0700417,0.119020373,0,zr,245.5280917,43.7769732
722214100004728,58231.363125,19.9672108,0.110153861,0,zr,245.5280368,43.7768475
722214100004728,58232.386794,19.6936302,0.0893211141,0,zr,245.5280851,43.7769139
722214100004728,58232.4105093,20.1898632,0.13007535,32768,zr,245.5282825,43.7768681
722214100004728,58232.425787,19.6937675,0.0893305689,32768,zr,245.5279436,43.7770486
722214100004728,58242.3454514,19.9018555,0.104816593,0,zr,245.5281466,43.7769283
722214100004728,58242.3656366,19.9832706,0.111500733,0,zr,245.5281176,43.776824
722214100004728,58242.3665972,20.0523682,0.11745552,0,zr,245.5281196,43.7769495
722214100004728,58243.2980903,19.8708553,0.102365211,0,zr,245.5281553,43.7768658
722214100004728,58243.3117361,19.8388844,0.0998907238,0,zr,245.5281748,43.7769185
722214100004728,58243.3241551,19.9467068,0.10845457,0,zr,245.5281159,43.7768743
722214100004728,58244.3115162,19.8349304,0.0995884463,0,zr,245.5280992,43.7768741
722214100004728,58244.3287616,19.8481731,0.100604072,0,zr,245.5281365,43.7768537
722214100004728,58244.3306597,19.854393,0.101084232,0,zr,245.5280401,43.7768911
722214100004728,58246.3927546,19.9489555,0.108639792,32768,zr,245.5279012,43.7769292
722214100004728,58246.3937269,19.7518864,0.0934293047,32768,zr,245.5281454,43.776999
722214100004728,58246.4027315,19.7459984,0.093006216,0,zr,245.5281097,43.7769269
722214100004728,58247.2789815,19.7684612,0.0946299285,0,zr,245.528164,43.7769021
722214100004728,58247.402037,19.9571609,0.109318063,0,zr,245.528071,43.7768255
722214100004728,58247.4029861,19.9042702,0.10500963,0,zr,245.5281052,43.7768803
722214100004728,58247.4209144,19.9183273,0.10614001,0,zr,245.5280655,43.7769035
722214100004728,58248.3004977,19.8886089,0.10376282,0,zr,245.5280971,43.7768979
722214100004728,58249.2791782,19.8835716,0.103364527,0,zr,245.5280368,43.7768991
722214100004728,58252.3932523,19.7486877,0.0931992605,0,zr,245.5280979,43.7768689
722214100004728,58254.371412,19.8774872,0.102885291,0,zr,245.5281557,43.7768485
722214100004728,58254.3723727,19.85816,0.101376072,0,zr,245.5280816,43.776908
722214100004728,58254.3733333,19.8782291,0.102943592,0,zr,245.528113,43.7769051
722214100004728,58255.2781713,19.8396702,0.0999508724,0,zr,245.5281292,43.7769147
722214100004728,58255.3104051,19.9477291,0.10853871,32768,zr,245.5279691,43.7768588
722214100004728,58255.3204861,19.88414,0.10340941,32768,zr,245.5280295,43.7768635
722214100004728,58255.3214352,19.7763195,0.0952041298,0,zr,245.5282041,43.7769286
722214100004728,58257.2977894,19.7318974,0.0920001715,0,zr,245.5281309,43.7769001
722214100004728,58257.3217708,20.0760117,0.119552784,0,zr,245.528123,43.7769096
722214100004728,58257.3227315,19.8057308,0.0973816812,0,zr,245.5281584,43.7768717
722214100004728,58257.3236458,19.8699875,0.102297321,0,zr,245.5280333,43.77686
722214100004728,58257.3518287,19.8206787,0.0985058099,0,zr,245.5281693,43.7768839
722214100004728,58257.3662269,19.8857117,0.103533536,0,zr,245.5281196,43.7768705
722214100004728,58257.3815509,19.7803173,0.0954974964,0,zr,245.5281281,43.776877
722214100004728,58257.3825,19.9363518,0.10760498,0,zr,245.5281464,43.7768759
722214100004728,58257.3834606,19.9711227,0.110480584,0,zr,245.5281503,43.7768947
722214100004728,58257.4022685,19.8978271,0.104495063,0,zr,245.5281202,43.7768731
722214100004728,58258.258588,19.9615059,0.109678738,0,zr,245.528082,43.7768818
722214100004728,58258.3889352,19.9263439,0.106789432,0,zr,245.528185,43.7769239
722214100004728,58258.3898843,19.7776375,0.0953007787,0,zr,245.5280392,43.7769447
722214100004728,58258.4104282,19.9614964,0.109677948,0,zr,245.5279416,43.7769832
722214100004728,58261.3274537,19.5622139,0.0806749612,32768,zr,245.5277001,43.7768348
722214100004728,58261.3283681,19.629776,0.0850142613,32768,zr,245.5285674,43.776835
722214100004728,58261.3514005,20.0426617,0.116603374,32768,zr,245.5280897,43.7769683
722214100004728,58262.3128356,19.894722,0.10424795,0,zr,245.5277997,43.7769648
722214100004728,58262.3246875,19.6195469,0.0843430534,32768,zr,245.5281604,43.7768993
722214100004728,58262.3495833,19.6643715,0.0873225033,32768,zr,245.5280816,43.776893
722214100004728,58263.3620139,19.6775551,0.0882177278,0,zr,245.5279616,43.7769516
722214100004728,58263.3920949,19.9775047,0.111015551,0,zr,245.5283581,43.7769132
722214100004728,58263.4024421,19.9961071,0.112587348,0,zr,245.5281891,43.7768411
722214100004728,58266.2920949,19.602726,0.0832504481,0,zr,245.5280719,43.77678
722214100004728,58266.2969329,19.8331432,0.0994521007,0,zr,245.5280967,43.7769007
722214100004728,58266.3257639,19.8615227,0.101637244,0,zr,245.528105,43.7768494
722214100004728,58268.3766204,19.7873306,0.0960141122,0,zr,245.5282442,43.77686
722214100004728,58268.4062847,19.798666,0.0968545377,0,zr,245.5281213,43.7768658
722214100004728,58269.3612153,19.6585808,0.0869319811,0,zr,245.5281882,43.7768678
722214100004728,58269.3961227,19.7183189,0.0910410509,0,zr,245.5281449,43.7768242
722214100004728,58270.3307407,19.7947636,0.0965644121,0,zr,245.5283182,43.7768039
722214100004728,58270.3426389,19.8060551,0.0974059328,0,zr,245.5281416,43.776925
722214100004728,58271.3913657,19.6978722,0.0896144062,0,zr,245.5281401,43.7769567
722214100004728,58272.2786458,19.752039,0.0934402943,0,zr,245.528148,43.7769044
722214100004728,58272.302419,19.7856255,0.0958883017,0,zr,245.5281587,43.7768767
722214100004728,58272.3033333,19.7567101,0.0937772989,0,zr,245.5281477,43.7768803
722214100004728,58272.3181713,20.0172596,0.114397347,0,zr,245.5281465,43.7768464
722214100004728,58273.3222917,19.8267899,0.0989686996,0,zr,245.5281785,43.7769095
722214100004728,58273.341713,19.8279076,0.0990536213,0,zr,245.5281553,43.776926
722214100004728,58273.3691898,19.7786541,0.0953753814,0,zr,245.5281825,43.7768729
722214100004728,58274.3049537,19.8186436,0.0983520001,0,zr,245.5281179,43.776872
722214100004728,58274.3190509,19.8253441,0.0988589898,0,zr,245.5281339,43.7768912
722214100004728,58274.3477894,19.9637909,0.109868824,0,zr,245.5282076,43.7769156
722214100004728,58275.3452546,19.8325176,0.0994043946,0,zr,245.5281198,43.7768441
722214100004728,58275.3461921,19.932806,0.107315443,0,zr,245.5280903,43.7768873
722214100004728,58275.3632639,19.8814564,0.103197731,0,zr,245.5281463,43.7768794
722214100004728,58275.383206,19.8193722,0.0984071046,0,zr,245.5280771,43.7768694
722214100004728,58276.2902662,19.825798,0.0988934338,0,zr,245.5281229,43.7768318
722214100004728,58276.3049653,19.8786049,0.102973208,0,zr,245.5281789,43.7768702
722214100004728,58276.3205208,19.7888222,0.0961242914,0,zr,245.5281358,43.7768335
722214100004728,58277.270162,19.8258286,0.0988957882,0,zr,245.5281686,43.7768989
722214100004728,58277.2859028,19.8330345,0.0994437411,0,zr,245.5281128,43.7768875
722214100004728,58277.3826273,19.7511024,0.0933729112,0,zr,245.5281947,43.7768569
722214100004728,58278.26625,19.6843033,0.0886793509,0,zr,245.5281705,43.7768937
722214100004728,58278.2822338,19.7623272,0.0941839963,0,zr,245.5282132,43.7768513
722214100004728,58278.2831481,19.7545891,0.093624182,0,zr,245.5281,43.776892
722214100004728,58278.3114583,19.8348179,0.0995797887,0,zr,245.5281669,43.7768922
722214100004728,58279.2692477,19.7706966,0.0947930217,0,zr,245.5281654,43.7768911
722214100004728,58279.2862847,19.8380508,0.0998268649,0,zr,245.5281237,43.7768824
722214100004728,58280.3037616,19.8123665,0.0978792831,0,zr,245.5281339,43.7769286
722214100004728,58280.3196528,19.8352375,0.0996118262,0,zr,245.5281186,43.7768507
722214100004728,58280.3398032,19.8390198,0.0999010354,0,zr,245.5280998,43.7768625
722214100004728,58281.216875,19.7518864,0.0934293047,0,zr,245.528134,43.7769699
722214100004728,58281.3243287,19.8472881,0.100535855,0,zr,245.5281568,43.7768812
722214100004728,58281.3483681,19.854763,0.101112932,0,zr,245.528179,43.7769457
722214100004728,58282.3098611,19.8938408,0.10417781,0,zr,245.528024,43.7768771
722214100004728,58282.3197569,19.849617,0.100715347,0,zr,245.5281278,43.7768948
722214100004728,58282.3414815,19.8185692,0.0983464271,0,zr,245.5281649,43.7768919
722214100004728,58283.32625,19.7973137,0.0967539549,0,zr,245.5281824,43.7768805
722214100004728,58283.3422106,19.8825283,0.103282228,0,zr,245.5281991,43.7768815
722214100004728,58283.3678588,19.7272186,0.0916686654,0,zr,245.5281377,43.7768628
722214100004728,58284.2843403,19.8436928,0.100259364,0,zr,245.5281467,43.7768462
722214100004728,58284.2853009,19.7565002,0.0937621444,0,zr,245.5281575,43.7768691
722214100004728,58284.2974769,19.733099,0.0920854956,0,zr,245.5281361,43.7768808
722214100004728,58284.3167245,19.7670498,0.0945271328,0,zr,245.528239,43.7768284
722214100004728,58285.3045602,19.7736778,0.09501075,0,zr,245.528162,43.7768845
722214100004728,58285.3244097,19.8210735,0.098535642,0,zr,245.5281705,43.7768311
722214100004728,58286.2915972,19.7790737,0.0954061896,0,zr,245.5281428,43.7768778
722214100004728,58286.3002083,19.824276,0.0987780169,0,zr,245.5281187,43.7768731
722214100004728,58286.3252083,19.7221928,0.0913137645,0,zr,245.5281241,43.7769041
722214100004728,58287.264537,19.7306995,0.0919152498,0,zr,245.5281219,43.7768771
722214100004728,58287.286713,19.8929882,0.104110107,0,zr,245.5281311,43.7768804
722214100004728,58287.2876736,19.9607048,0.109612174,0,zr,245.5281387,43.7768846
722214100004728,58287.3014699,19.8615131,0.101636507,0,zr,245.5281239,43.7769082
722214100004728,58288.2801389,19.8293991,0.0991669819,0,zr,245.5281419,43.7768976
722214100004728,58288.3023843,19.7946682,0.0965573341,0,zr,245.5282061,43.7768975
722214100004728,58288.3182639,19.7249527,0.0915084705,0,zr,245.5281625,43.7769302
722214100004728,58289.239838,19.9090176,0.105390266,0,zr,245.5281358,43.7769443
722214100004728,58289.2581829,19.7555599,0.0936942101,0,zr,245.5281377,43.7769417
722214100004728,58290.2626505,19.8459377,0.100431904,0,zr,245.528206,43.7768509
722214100004728,58290.3268634,19.6046448,0.0833743364,0,zr,245.5281381,43.776858
722214100004728,58290.3278125,19.8815002,0.103201114,0,zr,245.5281369,43.7769336
722214100004728,58290.3452315,19.8134289,0.0979591385,0,zr,245.528129,43.7769098
722214100004728,58291.2659722,19.9606419,0.109606922,0,zr,245.5282083,43.7768637
722214100004728,58291.2770833,19.849577,0.100712225,0,zr,245.528067,43.7768861
722214100004728,58291.2997338,19.7501793,0.0933064595,0,zr,245.5281955,43.7769123
722214100004728,58292.2466435,19.8792763,0.103026025,0,zr,245.5281391,43.7768748
722214100004728,58292.2595023,19.7429237,0.0927860066,0,zr,245.5281709,43.7768248
722214100004728,58292.2973727,19.7937698,0.0964907184,0,zr,245.528159,43.7768579
722214100004728,58293.2655324,19.9381828,0.107754782,0,zr,245.5282088,43.7769117
722214100004728,58293.2889468,19.6488419,0.086278975,0,zr,245.5282045,43.7768173
722214100004728,58296.2502431,19.8345356,0.0995583162,0,zr,245.5281791,43.7769153
722214100004728,58296.2802199,19.8656769,0.101960726,0,zr,245.5281508,43.7769166
722214100004728,58297.2766667,19.6605129,0.0870621055,0,zr,245.5281787,43.7768867
722214100004728,58297.3032639,19.9612274,0.109655559,0,zr,245.528084,43.7769095
722214100004728,58297.318912,19.9388008,0.107805431,0,zr,245.5281759,43.7768309
722214100004728,58298.2841898,19.6536522,0.0866009668,0,zr,245.5280497,43.7769258
722214100004728,58298.2965625,19.838047,0.0998265892,0,zr,245.5281843,43.7768883
722214100004728,58299.3491204,19.861351,0.101623893,0,zr,245.5281163,43.7768475
722214100004728,58299.3500694,20.0858059,0.120430447,0,zr,245.5282515,43.776874
722214100004728,58299.3575579,19.8644333,0.101863816,0,zr,245.5284049,43.7769278
722214100004728,58300.3299421,19.6608543,0.0870850831,0,zr,245.5281429,43.7769141
722214100004728,58300.3459028,19.7348557,0.092210412,0,zr,245.5281627,43.7768625
722214100004728,58300.3566898,19.6787643,0.088300243,0,zr,245.528242,43.7769047
722214100004728,58301.1839352,19.7805233,0.0955126584,0,zr,245.5281529,43.7768039
722214100004728,58301.3483102,19.7789688,0.0953984782,0,zr,245.5281438,43.7769031
722214100004728,58301.3658796,19.6562366,0.0867744088,0,zr,245.5281725,43.7769099
722214100004728,58302.3046644,19.7313366,0.0919603929,0,zr,245.5281057,43.7769178
722214100004728,58302.3056134,19.7403984,0.0926055238,0,zr,245.5282218,43.7769001
722214100004728,58302.3201852,19.7553368,0.0936781168,0,zr,245.5280903,43.7769022
722214100004728,58302.3504745,19.6669846,0.0874992535,0,zr,245.5280471,43.7769114
722214100004728,58303.3059606,19.7387428,0.0924873352,0,zr,245.5281643,43.776873
722214100004728,58303.3193287,19.7193737,0.0911152288,0,zr,245.5281812,43.7768104
722214100004728,58303.3501042,19.8306541,0.099262476,0,zr,245.5281472,43.7768752
722214100004728,58304.3297454,19.7808914,0.0955397338,0,zr,245.5281702,43.7768679
722214100004728,58304.3389468,19.684864,0.0887177736,0,zr,245.5281925,43.7769077
722214100004728,58305.3392593,19.6793537,0.0883405507,0,zr,245.528126,43.7768867
722214100004728,58305.3718403,19.6327419,0.0852098465,0,zr,245.5282152,43.7769017
722214100004728,58306.1875231,19.6803017,0.0884053335,0,zr,245.5281788,43.7769177
722214100004728,58306.1996412,19.703558,0.0900090337,0,zr,245.5281504,43.776936
722214100004728,58307.1867593,19.828928,0.0991311669,0,zr,245.5280931,43.7768754
722214100004728,58307.2012963,19.817791,0.0982877016,0,zr,245.528121,43.7768799
722214100004728,58307.3658565,19.7115917,0.0905693471,0,zr,245.5281121,43.7768843
722214100004728,58308.2388657,19.730875,0.0919276699,0,zr,245.5281278,43.7768468
722214100004728,58308.2398032,19.7989006,0.0968720168,0,zr,245.5281568,43.7769173
722214100004728,58308.328912,19.7855644,0.0958838165,0,zr,245.5282071,43.7768277
722214100004728,58308.3422685,19.9701424,0.110398658,32768,zr,245.5281974,43.7767166
722214100004728,58311.185,19.8116398,0.0978246406,0,zr,245.5281414,43.7769045
722214100004728,58311.2008796,19.7613583,0.0941137075,0,zr,245.5282198,43.7768696
722214100004728,58311.2018056,19.8273582,0.0990118757,0,zr,245.5281747,43.7768631
722214100004728,58311.2166088,19.9817657,0.111373879,32768,zr,245.5280692,43.7769311
722214100004728,58312.2160069,19.7125301,0.0906349868,0,zr,245.5281103,43.7768474
722214100004728,58312.2399306,19.8353043,0.0996169224,0,zr,245.5281433,43.7768894
722214100004728,58313.224294,19.82868,0.0991123319,0,zr,245.5281536,43.7768642
722214100004728,58314.1807523,19.6948338,0.0894041955,0,zr,245.5281287,43.7768674
722214100004728,58314.2030093,19.7100964,0.0904647559,0,zr,245.5281733,43.7768541
722214100004728,58314.2039931,19.8084869,0.0975880548,0,zr,245.5281982,43.776896
722214100004728,58314.2130208,19.7633858,0.0942608267,0,zr,245.5281305,43.7768842
722214100004728,58315.2454398,19.8981419,0.10452015,0,zr,245.5281018,43.7768711
722214100004728,58315.3180324,19.6419792,0.0858217403,0,zr,245.5281892,43.7768585
722214100004728,58315.3437153,19.6871738,0.0888763964,0,zr,245.5280839,43.7768692
722214100004728,58316.2389468,19.7484913,0.0931851193,0,zr,245.5281521,43.7768584
722214100004728,58316.2541782,19.7734222,0.0949920863,0,zr,245.5281207,43.7768833
722214100004728,58319.222581,19.9873619,0.111846104,0,zr,245.5281181,43.7769832
722214100004728,58319.2448611,19.7351494,0.0922312811,0,zr,245.5281879,43.7768415
722214100004728,58319.2458102,19.943552,0.108195074,0,zr,245.5281815,43.7768671
722214100004728,58319.2562153,19.5675793,0.0810114741,0,zr,245.5281927,43.7768499
722214100004728,58320.2585995,19.8316994,0.0993420035,0,zr,245.5281426,43.7768363
722214100004728,58320.2770718,19.8079071,0.0975446478,0,zr,245.5280964,43.7768682
722214100004728,58320.352037,19.7867012,0.0959676355,0,zr,245.5281305,43.7769281
722214100004728,58321.2235764,19.7599888,0.0940144584,0,zr,245.5281533,43.7768728
722214100004728,58321.2358333,19.8447456,0.10034024,0,zr,245.5281343,43.7768085
722214100004728,58321.2636458,19.9531937,0.108989663,32768,zr,245.5280939,43.7768958
722214100004728,58322.2335417,19.6874599,0.0888960585,0,zr,245.5281504,43.776873
722214100004728,58322.2344907,19.8138447,0.0979904309,0,zr,245.5281878,43.7768749
722214100004728,58322.2551968,19.6759567,0.0881087109,0,zr,245.5281814,43.7768739
722214100004728,58322.2893287,19.7600594,0.094019562,0,zr,245.5280867,43.7768767
722214100004728,58323.2295949,19.7796764,0.0954503939,0,zr,245.5281359,43.7768819
722214100004728,58323.2443981,19.7539349,0.0935769752,0,zr,245.5280902,43.7769586
722214100004728,58324.1780324,19.4233055,0.0724269226,32768,zr,245.5278718,43.7767995
722214100004728,58325.2218287,19.7219086,0.0912936777,0,zr,245.5281259,43.7768882
722214100004728,58325.2227778,19.6909752,0.0891379192,0,zr,245.5281689,43.7769062
722214100004728,58325.2378125,19.720562,0.0911988765,0,zr,245.5282228,43.7768913
722214100004728,58325.2647222,19.7743187,0.0950576663,0,zr,245.5281245,43.7769226
722214100004728,58326.2881134,19.6384506,0.0855875015,0,zr,245.5281788,43.7768981
722214100004728,58326.2951389,19.7907066,0.0962636992,0,zr,245.5281231,43.7768878
722214100004728,58327.3018403,19.6151505,0.084056139,0,zr,245.5281245,43.7766315
722214100004728,58327.3183333,19.6570473,0.08682888,0,zr,245.528058,43.7769026
722214100004728,58329.3007639,19.7050934,0.0901158676,0,zr,245.5281502,43.7768565
722214100004728,58330.3035532,19.7510605,0.0933699086,0,zr,245.5281731,43.7768236
722214100004728,58330.3177315,19.7158775,0.0908695832,0,zr,245.528174,43.7768849
722214100004728,58330.3405556,19.6688671,0.0876267999,0,zr,245.5281541,43.7769473
722214100004728,58331.1842014,19.7364731,0.0923255458,0,zr,245.5281168,43.7769028
722214100004728,58331.1938657,19.6950073,0.0894162208,0,zr,245.5280962,43.7768914
722214100004728,58331.1948264,19.6822968,0.0885417834,0,zr,245.5281637,43.7768444
722214100004728,58331.2139352,19.8713017,0.102400102,0,zr,245.5281196,43.7769287
722214100004728,58332.2797917,19.8490658,0.100672789,0,zr,245.5282074,43.7768457
722214100004728,58332.2987847,19.6004639,0.083104521,32768,zr,245.5282568,43.7768862
722214100004728,58334.1669213,19.8972721,0.104450896,0,zr,245.528104,43.7768789
722214100004728,58337.1930787,19.8455925,0.10040541,0,zr,245.5281466,43.7768882
722214100004728,58340.1833565,19.690073,0.0890758336,0,zr,245.5281304,43.7769015
722214100004728,58343.1604977,19.7984333,0.0968372375,0,zr,245.5281311,43.7768744
722214100004728,58346.1801852,19.8009892,0.0970276222,0,zr,245.5281424,43.7768688
722214100004728,58350.1540741,19.8730736,0.102538928,0,zr,245.5280979,43.7768901
722214100004728,58350.1550231,19.7642021,0.0943201333,0,zr,245.5281678,43.776868
722214100004728,58350.1818981,19.9246788,0.106654242,0,zr,245.5281343,43.7768823
722214100004728,58350.2067245,19.9923153,0.112265415,0,zr,245.528216,43.7768942
722214100004728,58351.1624884,19.7239895,0.0914404765,0,zr,245.5281508,43.7768523
722214100004728,58351.2057176,19.6245518,0.0846707821,0,zr,245.5281176,43.7768365
722214100004728,58352.2269792,19.7628517,0.0942220613,0,zr,245.5281541,43.7768972
722214100004728,58352.2317245,19.7960682,0.0966613665,0,zr,245.5281755,43.776935
722214100004728,58352.2593981,19.8492622,0.100687958,0,zr,245.5281072,43.7769097
722214100004728,58353.149838,19.7673626,0.0945499614,0,zr,245.5281344,43.7767936
722214100004728,58353.1616782,19.6135426,0.0839514285,0,zr,245.5281264,43.7768774
722214100004728,58353.1798032,19.8386135,0.0998699218,0,zr,245.5281047,43.7768521
722214100004728,58353.196331,19.7549744,0.0936519504,0,zr,245.5281415,43.7768927
722214100004728,58353.2404167,19.6857719,0.0887801126,0,zr,245.528126,43.7768716
722214100004728,58353.2670139,19.9803085,0.111251242,0,zr,245.5281657,43.7768706
722214100004728,58353.2766667,19.8986549,0.104561105,0,zr,245.5280508,43.7769027
722214100004728,58353.277581,19.7146606,0.0907842219,0,zr,245.5281842,43.7768226
722214100004728,58354.1858333,19.6574631,0.086856775,0,zr,245.5281605,43.7769024
722214100004728,58354.2064583,19.6966972,0.089533031,32768,zr,245.5282131,43.7769378
722214100004728,58354.2121644,19.8446312,0.100331441,32768,zr,245.5281625,43.7768591
722214100004728,58354.2468056,19.7712784,0.0948354825,0,zr,245.5281767,43.7768898
722214100004728,58355.2359838,20.0829315,0.12017224,0,zr,245.5282011,43.7769259
722214100004728,58355.2561343,19.8477936,0.100574777,0,zr,245.5282251,43.7768678
722214100004728,58356.2068519,19.6644592,0.0873283818,0,zr,245.5282173,43.7767733
722214100004728,58356.2148611,19.6931458,0.0892876089,0,zr,245.5281991,43.7768765
722214100004728,58356.2158102,19.7579098,0.0938639864,0,zr,245.5280971,43.7769373
722214100004728,58356.2396528,19.5293655,0.0786439776,0,zr,245.5281139,43.7767766
722214100004728,58356.2563889,19.8867989,0.103619501,0,zr,245.528103,43.7768462
722214100004728,58357.1783218,19.6364822,0.0854570419,0,zr,245.5281467,43.7768999
722214100004728,58357.283669,19.6111355,0.0837949514,0,zr,245.528322,43.7768618
722214100004728,58358.2021181,19.5653667,0.0808725134,0,zr,245.528093,43.7768423
722214100004728,58358.2453588,19.6112823,0.0838044807,0,zr,245.5280717,43.7768418
722214100004728,58359.2198843,19.6131401,0.0839252993,32768,zr,245.5282035,43.7768702
722214100004728,58359.2428125,19.7670841,0.0945296586,0,zr,245.5281108,43.7769446
722214100004728,58359.2665278,19.599369,0.0830340311,0,zr,245.5280953,43.7769402
722214100004728,58360.245,19.6776924,0.0882270709,0,zr,245.5281378,43.7768683
722214100004728,58360.2638542,19.7419682,0.0927176252,0,zr,245.5281805,43.7767812
722214100004728,58361.1414468,19.8741302,0.102621727,0,zr,245.5281615,43.7770316
722214100004728,58361.2478588,19.8441715,0.100296177,0,zr,245.5282231,43.7769463
722214100004728,58361.2589468,19.883131,0.103329711,0,zr,245.5281755,43.7769925
722214100004728,58362.1394676,19.8946304,0.104240648,0,zr,245.5281418,43.7769171
722214100004728,58365.1440046,19.860548,0.101561442,0,zr,245.5281184,43.7768928
722214100004728,58367.1624653,19.9314461,0.107204534,0,zr,245.5281768,43.7768511
722214100004728,58367.1767708,19.7760086,0.0951814204,0,zr,245.5281299,43.7767945
722214100004728,58367.2057755,19.7220097,0.0913008153,0,zr,245.5282707,43.7769419
722214100004728,58368.1507292,19.8355694,0.0996372253,0,zr,245.5281722,43.7768639
722214100004728,58368.1624306,19.8514023,0.100853056,0,zr,245.5280874,43.7768771
722214100004728,58368.1860764,19.6923256,0.0892310292,0,zr,245.5281935,43.7768332
722214100004728,58369.1298727,19.8049545,0.0973236486,0,zr,245.5281522,43.7769008
722214100004728,58369.1619329,19.709631,0.0904322714,0,zr,245.5280721,43.7768889
722214100004728,58369.1754861,19.8888664,0.10378322,0,zr,245.5281205,43.7769348
722214100004728,58371.1364699,19.8106213,0.0977481902,0,zr,245.5281277,43.7768763
722214100004728,58371.1509259,19.891058,0.103956893,0,zr,245.5281812,43.7769011
722214100004728,58371.161875,19.8129902,0.0979261473,0,zr,245.5281242,43.7769363
722214100004728,58372.1391898,19.9453526,0.108343139,0,zr,245.5281786,43.7768764
722214100004728,58372.1581829,19.8999977,0.104668193,0,zr,245.5281726,43.7768756
722214100004728,58374.1312037,19.8319817,0.0993635207,0,zr,245.5281555,43.7769349
722214100004728,58374.1490856,19.9135303,0.105753087,0,zr,245.5281431,43.7768938
722214100004728,58374.1612037,19.9133739,0.105740517,0,zr,245.5282027,43.7768918
722214100004728,58377.1292593,19.7896843,0.0961881131,0,zr,245.5282016,43.7768778
722214100004728,58377.1428356,20.0236855,0.114952222,0,zr,245.5281805,43.7768677
722214100004728,58377.1635069,19.7410278,0.092650488,0,zr,245.5282092,43.7768577
722214100004728,58377.1766551,19.9315166,0.107210279,0,zr,245.5281319,43.7768334
722214100004728,58378.1190625,19.9976025,0.112714469,0,zr,245.5281755,43.7768607
722214100004728,58378.1316204,19.826992,0.098984085,0,zr,245.5281648,43.7769534
722214100004728,58378.2171991,19.8824883,0.103279024,0,zr,245.5280667,43.7768569
722214100004728,58381.1437384,19.9689255,0.110296957,0,zr,245.5283584,43.7768346
722214100004728,58381.1446528,19.7991581,0.0968911946,0,zr,245.5280799,43.7768231
722214100004728,58381.1595139,19.8832569,0.103339694,0,zr,245.5281791,43.7768157
722214100004728,58382.1175694,19.7362671,0.0923108682,0,zr,245.5281825,43.776924
722214100004728,58382.1444792,19.9752464,0.110825956,0,zr,245.5281415,43.7768387
722214100004728,58382.1542593,19.9004555,0.104704715,0,zr,245.5280557,43.7768526
722214100004728,58383.1346875,19.7968082,0.0967163742,0,zr,245.5282482,43.7768773
722214100004728,58383.1559954,19.7677155,0.0945756584,0,zr,245.5281681,43.7769171
722214100004728,58476.5325463,19.6724968,0.0878732353,0,zr,245.5280952,43.7768569
722214100004728,58487.5514815,19.8791466,0.103015795,0,zr,245.5281435,43.7768883
722214100004728,58508.5122454,19.7057858,0.0901640132,0,zr,245.528187,43.7768391
722214100004728,58511.5557523,19.601635,0.083179988,0,zr,245.5280936,43.7768809
722214100004728,58526.5300347,19.7512398,0.0933827907,0,zr,245.5281967,43.776878
722214100004728,58538.4778472,19.6892414,0.0890185535,0,zr,245.5280228,43.7768806
722214100004728,58538.5069329,19.8143177,0.0980260372,0,zr,245.527944,43.776607
722214100004728,58538.5087847,19.5856915,0.0821578652,0,zr,245.5280485,43.7769251
722214100004728,58539.3598958,19.8997192,0.10464602,0,zr,245.5280158,43.7768096
722214100004728,58540.520706,19.8524971,0.100937679,0,zr,245.5280745,43.7768704
722214100004728,58540.5365394,19.6913872,0.0891663432,0,zr,245.5281289,43.7768603
722214100004728,58541.5112037,19.6715813,0.0878110081,0,zr,245.5281348,43.7768952
722214100004728,58541.5297338,19.630703,0.0850752965,0,zr,245.5280452,43.7769077
722214100004728,58541.5513194,19.8759861,0.102767371,32768,zr,245.5281769,43.7768721
722214100004728,58541.5578588,19.6826248,0.0885643065,0,zr,245.5282318,43.7769116
722214100004728,58543.4635995,19.82864,0.0991092399,32768,zr,245.5280526,43.7768182
722214100004728,58547.5135069,19.7560272,0.0937279537,0,zr,245.528074,43.7768759
722214100004728,58556.5138889,19.7526264,0.093482621,0,zr,245.528211,43.776864
722214100004728,58556.5148264,19.7964039,0.096686244,0,zr,245.5281988,43.7768944
722214100004728,58557.4148264,19.6956902,0.08946345,0,zr,245.528164,43.7768612
722214100004728,58557.4337847,19.7524261,0.0934681967,0,zr,245.5281243,43.7768429
722214100004728,58557.5289699,19.6296139,0.0850035995,0,zr,245.5281859,43.7768503
722214100004728,58558.3751042,19.5004387,0.0768973827,0,zr,245.5280064,43.7769201
722214100004728,58560.39625,19.6555233,0.0867264569,0,zr,245.5281664,43.7768725
722214100004728,58560.4233796,19.8091526,0.097638011,0,zr,245.528106,43.7768841
722214100004728,58560.4243056,19.6390495,0.0856271833,0,zr,245.5282543,43.7768545
722214100004728,58560.4454398,19.7206726,0.0912065953,0,zr,245.5281475,43.7768114
722214100004728,58561.4304861,19.9654369,0.110005952,0,zr,245.5278995,43.7768227
722214100004728,58567.3642477,19.6552277,0.0867066085,0,zr,245.5281239,43.7769236
722214100004728,58567.381794,19.7446632,0.0929105282,0,zr,245.5279708,43.7768554
722214100004728,58567.5276505,19.8442307,0.10030067,0,zr,245.5281141,43.7768475
722214100004728,58569.3662616,19.8883114,0.103739217,0,zr,245.528078,43.7768674
722214100004728,58569.3945139,19.8920383,0.104034662,0,zr,245.5281715,43.7768162
722214100004728,58572.4279051,19.7938232,0.0964947119,0,zr,245.5281979,43.7768553
722214100004728,58572.448912,19.6925869,0.0892490298,0,zr,245.5281382,43.7768809
722214100004728,58572.449838,19.6574631,0.086856775,0,zr,245.5281514,43.7768916
722214100004728,58572.4665741,19.8111382,0.0977869481,0,zr,245.5281586,43.7768789
722214100004728,58573.4163773,19.6890602,0.0890060738,0,zr,245.5282482,43.7769125
722214100004728,58573.426331,19.7095909,0.0904294252,0,zr,245.5281893,43.7769169
722214100004728,58573.4486806,19.5887833,0.0823551491,0,zr,245.5282204,43.7769069
722214100004728,58574.4278472,19.7737808,0.0950183347,0,zr,245.5281673,43.776942
722214100004728,58574.449213,19.7310944,0.0919432342,0,zr,245.5281827,43.7768938
722214100004728,58575.4087731,19.7474823,0.0931126922,0,zr,245.5281826,43.7768475
722214100004728,58575.4319097,19.7894363,0.0961697698,0,zr,245.528156,43.7768655
722214100004728,58575.4328472,19.7271481,0.0916636139,0,zr,245.5281901,43.776863
722214100004728,58575.4517824,19.7548599,0.0936437026,0,zr,245.5281659,43.7768582
722214100004728,58577.4110417,19.7403374,0.0926010907,32768,zr,245.5282401,43.7767951
722214100004728,58580.3872454,19.6856728,0.0887732357,0,zr,245.528158,43.7768984
722214100004728,58580.3881829,19.7732372,0.0949785784,0,zr,245.5281695,43.7768957
722214100004728,58580.4748611,19.8130798,0.0979328752,0,zr,245.5282438,43.7769008
722214100004728,58580.4963773,19.7155228,0.090844661,0,zr,245.528167,43.7768829
722214100004728,58581.4077894,19.542572,0.079454422,0,zr,245.5281424,43.7769074
722214100004728,58581.4537963,19.7280865,0.091730088,0,zr,245.5281268,43.7768335
722214100004728,58582.4072454,19.6973534,0.0895784944,0,zr,245.5281587,43.7768766
722214100004728,58582.4309375,19.6287136,0.0849443376,0,zr,245.5281299,43.7768693
722214100004728,58582.4552662,19.8385506,0.0998651832,0,zr,245.5282065,43.7768747
722214100004728,58583.3359838,19.6681061,0.0875751525,0,zr,245.5281453,43.776897
722214100004728,58583.4867245,19.8196983,0.0984316766,0,zr,245.5281781,43.7769371
722214100004728,58584.3637847,19.783247,0.0957130343,0,zr,245.5281738,43.7769147
722214100004728,58584.3821875,19.5892467,0.0823846981,0,zr,245.5281267,43.7768736
722214100004728,58584.402581,19.7448635,0.0929248706,0,zr,245.528213,43.7769034
722214100004728,58585.4109259,19.6392632,0.0856413469,0,zr,245.5281806,43.7768847
722214100004728,58585.434838,19.8072701,0.097496964,0,zr,245.5281287,43.7768697
722214100004728,58586.3520255,19.6678104,0.0875551105,0,zr,245.5281577,43.7767947
722214100004728,58586.3603009,19.7814693,0.0955821499,0,zr,245.5281192,43.7768568
722214100004728,58586.3834375,19.6389751,0.0856222808,0,zr,245.5280817,43.7768794
722214100004728,58586.3843634,19.8470459,0.100517221,0,zr,245.5279992,43.7768362
722214100004728,58587.3837037,19.818634,0.0983512923,0,zr,245.528115,43.7768535
722214100004728,58587.4096296,19.6077309,0.083574079,0,zr,245.5281845,43.7768804
722214100004728,58587.4330787,19.826683,0.0989605635,32768,zr,245.5281824,43.776794
722214100004728,58588.4045255,19.694931,0.0894109383,0,zr,245.5281348,43.7768778
722214100004728,58588.4297801,19.7816067,0.09559232,0,zr,245.5281751,43.7768924
722214100004728,58588.458588,19.6768684,0.088170886,0,zr,245.5281328,43.776873
722214100004728,58589.3413426,18.7321205,0.0427665673,32768,zr,245.5279057,43.7766224
722214100004728,58591.4249653,19.6411533,0.0857668519,0,zr,245.528169,43.7768802
722214100004728,58592.364919,19.2492275,0.0632871464,0,zr,245.528301,43.7768418
722214100004728,58593.3784838,19.8154736,0.0981130004,0,zr,245.5281488,43.7768636
722214100004728,58593.4104051,19.5876961,0.0822857395,0,zr,245.5281948,43.7768605
722214100004728,58593.436169,19.6538849,0.0866165683,0,zr,245.5281325,43.7767728
722214100004728,58596.298912,19.8692646,0.102240741,0,zr,245.52811,43.7768887
722214100004728,58596.3153472,19.7620583,0.0941644609,0,zr,245.5282117,43.7768514
722214100004728,58596.3162731,19.7196312,0.0911333486,0,zr,245.5282225,43.7768364
722214100004728,58596.4026042,19.6418476,0.0858129412,0,zr,245.5282047,43.7768698
722214100004728,58597.3752199,19.6743088,0.0879964903,0,zr,245.5281341,43.7768697
722214100004728,58597.3871528,19.8277931,0.0990449339,0,zr,245.5282821,43.7768905
722214100004728,58597.4091782,19.7204304,0.0911895633,0,zr,245.5281199,43.7768787
722214100004728,58598.3332523,19.7891006,0.0961449146,0,zr,245.5281728,43.7768359
722214100004728,58598.3402662,19.7624741,0.0941946357,0,zr,245.5281903,43.7768805
722214100004728,58598.3680208,19.8406086,0.100022748,0,zr,245.5281339,43.7768806
722214100004728,58598.4920255,19.6983242,0.0896457061,0,zr,245.52813,43.7768724
722214100004728,58599.4323032,19.7253571,0.091537036,0,zr,245.528104,43.7768726
722214100004728,58605.3846065,19.6207695,0.0844230279,0,zr,245.5281618,43.7768558
722214100004728,58605.3855093,19.8323822,0.0993940458,0,zr,245.5281224,43.7768845
722214100004728,58605.4139236,19.7542973,0.0936031118,0,zr,245.5281238,43.7769174
722214100004728,58606.3165509,19.8987331,0.104567282,0,zr,245.5281246,43.7768896
722214100004728,58606.3483796,19.6267166,0.0848129392,0,zr,245.5281436,43.7768849
722214100004728,58606.3649884,19.8165264,0.0981923118,0,zr,245.5281426,43.7768483
722214100004728,58607.3485532,19.7924576,0.0963934064,0,zr,245.5281343,43.7768662
722214100004728,58607.3706944,19.7505798,0.0933352634,0,zr,245.528152,43.7768685
722214100004728,58607.3951736,19.7517815,0.0934217498,0,zr,245.5281584,43.7768503
722214100004728,58608.3443171,19.644001,0.0859562233,0,zr,245.5281257,43.776831
722214100004728,58608.3684375,19.7794209,0.0954316631,0,zr,245.5280681,43.7768499
722214100004728,58608.3693403,19.8442688,0.100303598,0,zr,245.5281301,43.7768524
722214100004728,58608.3943403,19.784481,0.0958039314,0,zr,245.5281371,43.7768613
722214100004728,58612.3532639,19.701746,0.089883104,0,zr,245.5281354,43.77689
722214100004728,58612.3541667,19.8164711,0.0981881842,0,zr,245.5281242,43.7768835
722214100004728,58612.4262616,19.7762814,0.0952013284,0,zr,245.5281765,43.7768682
722214100004728,58612.4553704,19.79669,0.0967075154,0,zr,245.5280799,43.7768632
722214100004728,58616.3691204,19.6977062,0.0896029249,0,zr,245.5281306,43.7768807
722214100004728,58616.3700231,19.7176876,0.0909966454,0,zr,245.5281762,43.7768834
722214100004728,58616.4156134,19.7662048,0.0944657177,0,zr,245.5281617,43.7768521
722214100004728,58617.3067824,19.681675,0.0884992778,0,zr,245.5282073,43.7768536
722214100004728,58617.3270718,19.8078346,0.0975391939,0,zr,245.528189,43.776905
722214100004728,58617.342037,19.7212315,0.0912459642,0,zr,245.5281319,43.7768582
722214100004728,58618.3178472,19.047718,0.0542078204,32768,zr,245.5283351,43.7769226
722214100004728,58618.3471065,19.660759,0.0870786384,32768,zr,245.5282636,43.7768912
722214100004728,58618.3712847,19.7601261,0.09402439,32768,zr,245.5281423,43.7768589
722214100004728,58619.3460069,19.7509708,0.0933633968,0,zr,245.5281813,43.7769294
722214100004728,58627.3646412,19.6670609,0.0875044167,0,zr,245.5281317,43.77689
722214100004728,58628.3144329,19.7729454,0.0949572325,0,zr,245.5281406,43.7769054
722214100004728,58632.2772569,19.6186581,0.0842849314,0,zr,245.5281274,43.7768714
722214100004728,58632.2968634,19.745533,0.0929728821,0,zr,245.5281277,43.7768986
722214100004728,58632.2978125,19.6159286,0.08410687,0,zr,245.5281609,43.7768909
722214100004728,58632.3235648,19.8408203,0.10003902,0,zr,245.5282014,43.7768243
722214100004728,58633.3095255,19.7071152,0.0902567357,0,zr,245.5280992,43.776891
722214100004728,58633.3207639,19.6539059,0.0866179243,0,zr,245.5281296,43.7768873
722214100004728,58633.3463426,19.8502083,0.100760952,0,zr,245.5281302,43.7768944
722214100004728,58635.2547685,19.6554279,0.0867200643,0,zr,245.5281618,43.7768722
722214100004728,58635.280081,19.7552509,0.0936719254,0,zr,245.528153,43.7768582
722214100004728,58635.2810069,19.8437366,0.100262754,0,zr,245.5281754,43.7768553
722214100004728,58636.2151505,19.6854839,0.0887603089,0,zr,245.5281294,43.7768445
722214100004728,58636.3317361,19.7994137,0.0969101861,0,zr,245.5281545,43.7768811
722214100004728,58637.3061458,19.6928864,0.0892697647,0,zr,245.5281351,43.7768697
722214100004728,58637.3266088,19.7525749,0.093478933,0,zr,245.5281379,43.7768964
722214100004728,58637.3388773,19.7432098,0.0928064808,0,zr,245.5281242,43.7768624
722214100004728,58638.261169,19.6358223,0.0854134187,0,zr,245.5281282,43.7768521
722214100004728,58638.2789005,19.7763233,0.09520448,0,zr,245.528135,43.7768516
722214100004728,58638.2798495,19.6902409,0.0890873224,0,zr,245.5281957,43.7768742
722214100004728,58638.301713,19.6641617,0.0873083174,0,zr,245.5281676,43.7768763
722214100004728,58639.2869792,19.7681675,0.0946085751,0,zr,245.5281593,43.7768813
722214100004728,58639.3076389,19.7332745,0.0920980424,0,zr,245.5281541,43.7768758
722214100004728,58639.3211458,19.6157455,0.0840949044,0,zr,245.5280932,43.7768946
722214100004728,58640.2442477,19.8582783,0.101385228,0,zr,245.528133,43.7768867
722214100004728,58640.2623727,19.6650639,0.0873692334,0,zr,245.5281314,43.7768615
722214100004728,58640.2884144,19.6173668,0.084200643,0,zr,245.5281275,43.7768724
722214100004728,58641.2917593,19.6881561,0.088943921,0,zr,245.5281421,43.7768689
722214100004728,58641.3025579,19.6778221,0.0882359445,0,zr,245.5281303,43.776875
722214100004728,58641.3054167,19.660347,0.0870509371,0,zr,245.528133,43.7768668
722214100004728,58641.3190509,19.7608814,0.0940791592,0,zr,245.5281157,43.776881
722214100004728,58642.2426852,19.7581749,0.0938832164,0,zr,245.5281338,43.7768651
722214100004728,58642.2662153,19.6029968,0.0832679123,0,zr,245.5281551,43.7768436
722214100004728,58642.2880324,19.7268238,0.091640681,0,zr,245.5281285,43.7768971
722214100004728,58643.2617824,19.8230476,0.0986850113,0,zr,245.5281793,43.7768765
722214100004728,58643.288588,19.7395229,0.0925429687,0,zr,245.5281088,43.7768621
722214100004728,58643.3124769,19.8481674,0.100603603,0,zr,245.5281463,43.7768851
722214100004728,58644.2856134,19.6946411,0.089390941,0,zr,245.5281482,43.7768859
722214100004728,58644.2865162,19.6804829,0.0884177163,0,zr,245.5281517,43.7768373
722214100004728,58644.3096065,19.6197033,0.0843532607,0,zr,245.5281421,43.7768909
722214100004728,58645.2837847,19.7267513,0.0916356146,0,zr,245.5281369,43.7768627
722214100004728,58645.2979282,19.7639046,0.0942984894,0,zr,245.5281105,43.7768484
722214100004728,58645.3178935,19.628624,0.0849383697,0,zr,245.5281013,43.776873
722214100004728,58646.2357986,19.7184105,0.0910475031,0,zr,245.5281412,43.7768275
722214100004728,58646.2537269,19.6329288,0.0852221996,0,zr,245.5282084,43.7768427
722214100004728,58646.288912,19.6590557,0.0869639069,0,zr,245.5281994,43.7768578
722214100004728,58647.2603588,19.7058983,0.0901719034,0,zr,245.5282108,43.7768622
722214100004728,58647.2612616,19.835825,0.099656716,0,zr,245.5281548,43.7769015
722214100004728,58647.288044,19.9383602,0.107769318,0,zr,245.5282015,43.7768837
722214100004728,58648.2232639,19.7105751,0.0904982314,0,zr,245.5281547,43.7768612
722214100004728,58648.2349653,19.6659679,0.087430425,0,zr,245.5281216,43.776855
722214100004728,58648.2589352,19.9231777,0.106532536,0,zr,245.5280596,43.7771402
722214100004728,58649.2486111,19.5513325,0.0799965486,0,zr,245.5281536,43.7768581
722214100004728,58649.2597801,19.4104443,0.0717073977,0,zr,245.5281001,43.7769061
722214100004728,58649.2889005,19.5254211,0.0784035772,0,zr,245.5281372,43.776865
722214100004728,58650.2404398,19.8590183,0.10144268,0,zr,245.5281159,43.7768266
722214100004728,58650.2697338,19.602541,0.0832384378,0,zr,245.5281778,43.7768704
722214100004728,58650.2711227,19.602108,0.083210513,0,zr,245.5280975,43.776853
722214100004728,58650.2812153,19.7792854,0.0954216793,0,zr,245.5281521,43.7768971
722214100004728,58651.2648843,19.8162155,0.0981689617,0,zr,245.5280516,43.7768805
722214100004728,58651.2788773,19.7674026,0.0945528299,0,zr,245.528251,43.7769031
722214100004728,58651.314919,19.8439064,0.100275755,0,zr,245.5281628,43.7769161
722214100004728,58652.2973495,19.6462612,0.0861067995,0,zr,245.5281223,43.7768156
722214100004728,58652.3253356,19.7088013,0.0903743356,0,zr,245.5283078,43.7768825
722214100004728,58653.202581,19.8445377,0.100324303,0,zr,245.5282196,43.7768661
722214100004728,58653.2035185,19.6291924,0.0849758014,0,zr,245.5281274,43.7768529
722214100004728,58653.2213773,19.7851486,0.095853135,0,zr,245.5281887,43.776879
722214100004728,58654.2073843,19.7522907,0.0934584811,0,zr,245.5281434,43.7768453
722214100004728,58654.2156134,19.679966,0.088382341,0,zr,245.528103,43.7768451
722214100004728,58655.1873843,19.7313366,0.0919603929,0,zr,245.5280609,43.7769065
722214100004728,58655.1983681,19.8100643,0.0977064222,0,zr,245.528193,43.7769821
722214100004728,58655.2148727,19.7429123,0.0927851498,0,zr,245.5280954,43.7768692
722214100004728,58657.2632639,19.7772369,0.0952714086,0,zr,245.5281253,43.7769055
722214100004728,58657.264213,19.7284889,0.0917585269,0,zr,245.528167,43.7769103
722214100004728,58657.3479398,19.6824608,0.0885530487,0,zr,245.5281828,43.7768723
722214100004728,58657.3723495,19.7607632,0.094070591,0,zr,245.5280489,43.7767851
722214100004728,58658.2449421,19.809206,0.0976420417,0,zr,245.5281462,43.7768547
722214100004728,58660.2441204,19.7123871,0.0906249806,0,zr,245.5280943,43.7768546
722214100004728,58660.2450347,19.778986,0.0953997076,0,zr,245.5281577,43.7768681
722214100004728,58661.3116551,19.7972775,0.0967512131,0,zr,245.5281352,43.7768786
722214100004728,58661.3187037,19.6497784,0.0863415897,0,zr,245.5281168,43.7768371
722214100004728,58662.2426505,19.6784821,0.0882809535,0,zr,245.5281437,43.7768659
722214100004728,58663.3122338,19.8368378,0.0997341424,0,zr,245.5281465,43.77689
722214100004728,58663.3200579,19.6678257,0.0875561833,0,zr,245.5281547,43.7768553
722214100004728,58665.2612269,19.7316628,0.0919835791,0,zr,245.528141,43.7768533
722214100004728,58666.2636111,19.774931,0.0951025039,0,zr,245.528089,43.7768434
722214100004728,58666.2645486,19.6240158,0.0846356675,0,zr,245.5281437,43.776858
722214100004728,58668.1791204,19.6882324,0.0889491662,0,zr,245.5281055,43.7768517
722214100004728,58669.3183796,19.7722359,0.0949053913,0,zr,245.5281747,43.7768808
722214100004728,58669.3248611,19.8531418,0.100987509,0,zr,245.5281644,43.7768608
722214100004728,58670.3004861,19.6921101,0.0892161503,0,zr,245.528102,43.7768535
722214100004728,58671.1948264,19.6853504,0.0887511522,0,zr,245.5281325,43.7768763
722214100004728,58672.2034375,19.7361641,0.0923035741,0,zr,245.5281433,43.7768342
722214100004728,58672.21625,19.7805042,0.0955112651,0,zr,245.5280953,43.7768718
722214100004728,58674.2142361,19.7803955,0.095503293,0,zr,245.5282227,43.7768941
722214100004728,58675.238287,19.7802792,0.0954947025,0,zr,245.5281649,43.7768487
722214100004728,58675.2396875,19.7177925,0.091004014,0,zr,245.5281653,43.7768856
722214100004728,58678.2264931,19.8013306,0.0970530361,0,zr,245.5282252,43.7768408
722214100004728,58680.2550116,19.7980461,0.0968084037,0,zr,245.5281165,43.7768976
722214100004728,58681.2649421,19.8397617,0.0999579057,0,zr,245.528091,43.7769881
722214100004728,58681.2658796,20.0076408,0.113571294,0,zr,245.5281511,43.776922
722214100004728,58682.2558565,19.8794632,0.103040755,0,zr,245.5282114,43.7768413
722214100004728,58684.18125,19.7837048,0.0957467481,0,zr,245.5281047,43.7768801
722214100004728,58685.3252315,19.8028717,0.0971680582,0,zr,245.5281217,43.7768725
722214100004728,58686.2985532,19.7422028,0.0927344114,0,zr,245.528125,43.7768656
722214100004728,58691.2069213,19.6323032,0.0851808861,0,zr,245.5281525,43.7768733
722214100004728,58697.1740972,19.9016247,0.104798108,0,zr,245.528134,43.7768694
722214100004728,58700.1805556,19.8331528,0.0994528234,0,zr,245.5281143,43.7768335
722214100004728,58705.1805787,19.7010155,0.0898323655,0,zr,245.5281414,43.776847
722214100004728,58709.2597685,19.6161594,0.084121868,0,zr,245.5282038,43.7768871
722214100004728,58711.3054745,19.6298485,0.085019052,0,zr,245.5280907,43.7768677
722214100004728,58724.1538194,19.612318,0.0838718042,0,zr,245.5281622,43.7768638
722214100004728,58725.2416319,19.7346687,0.0921970978,0,zr,245.5281295,43.7769048
722214100004728,58727.1429051,19.6463604,0.0861134082,0,zr,245.5281595,43.7768695
722214100004728,58727.1442824,19.644352,0.0859795511,0,zr,245.528146,43.7769103
722214100004728,58728.2006019,19.6969662,0.0895516798,0,zr,245.5281253,43.7768655
722214100004728,58732.2157755,19.7927551,0.0964155048,0,zr,245.5281657,43.7768418
722214100004728,58733.2462037,19.7567291,0.0937786773,0,zr,245.5282879,43.7768974
722214100004728,58734.1404282,19.7249184,0.0915060416,0,zr,245.5281371,43.7769347
722214100004728,58737.1831481,19.6881065,0.0889404789,0,zr,245.5280564,43.7768755
722214100004728,58744.1249537,19.5968208,0.0828700811,0,zr,245.5281588,43.7768479
722214100004728,58749.1158796,19.7163239,0.0909008682,0,zr,245.5281079,43.7768705
722214100004728,58761.1163542,19.6344013,0.0853194594,0,zr,245.5281786,43.7768502
722214100004728,58765.1176157,19.5472183,0.0797414482,0,zr,245.5281734,43.7768157
722214100004728,58768.1206944,19.621151,0.0844479948,0,zr,245.5281354,43.7769071
722214100004728,58771.1041667,19.7635994,0.0942763165,0,zr,245.5281307,43.7768646
722214100004728,58775.0952778,19.5037174,0.0770933703,0,zr,245.5281382,43.7768973
722214100004728,58792.1114468,19.5174599,0.0779203996,0,zr,245.5279809,43.7768993
722214100004728,58856.4774421,19.8727226,0.102511369,0,zr,245.5281038,43.7768653
722214100004728,58864.5166667,19.6756973,0.0880909935,0,zr,245.5281295,43.776847
722214100004728,58872.5657986,19.7236538,0.0914167538,0,zr,245.5282144,43.7768248
722214100004728,58875.5438542,19.8529854,0.100975357,0,zr,245.5281339,43.7768699
722214100004728,58878.5559722,19.7121964,0.0906116292,0,zr,245.5281939,43.7768295
722214100004728,58881.5470833,19.8219013,0.0985982046,0,zr,245.5281841,43.7768776
722214100004728,58884.556169,19.7497692,0.0932769626,0,zr,245.5281699,43.7768929
722214100004728,58887.5429282,19.7516251,0.0934104994,0,zr,245.5281893,43.7768898
722214100004728,58890.4844329,19.1581688,0.0589959696,0,zr,245.5276558,43.7769734
722214100004728,58893.5280787,19.768858,0.0946588591,0,zr,245.5281855,43.7768894
722214100004728,58898.5364468,19.7772312,0.095270969,0,zr,245.5281032,43.776883
722214100004728,58903.5186921,19.7449303,0.0929296538,0,zr,245.5281002,43.7768655
722214100004728,58906.5164815,19.6666908,0.0874793157,0,zr,245.5279853,43.7768546
722214100004728,58914.5322338,19.6915379,0.0891766921,0,zr,245.5281107,43.7768506
722214100004728,58936.4449074,19.7714443,0.0948475823,0,zr,245.5281918,43.776863
722214100004728,58943.4959491,19.665451,0.0873954296,0,zr,245.5281121,43.7768713
722214100004728,58953.4430787,19.8844051,0.103430308,0,zr,245.5281014,43.7768759
722214100004728,58955.4340625,19.9453869,0.108345889,0,zr,245.5281708,43.7768937
722214100004728,58956.3224306,19.8029633,0.0971749127,0,zr,245.5280878,43.7768471
722214100004728,58956.3408565,19.8525524,0.100941911,0,zr,245.5282436,43.7768523
722214100004728,58961.4362384,19.6629715,0.0872278959,0,zr,245.5280555,43.7767338
722214100004728,58961.4371412,19.8540897,0.101060808,0,zr,245.5282337,43.777008
722214100004728,58962.3034838,19.7309113,0.0919301957,0,zr,245.5281043,43.7768365
722214100004728,58962.3186458,19.8343048,0.0995406657,0,zr,245.5280574,43.7769079
722214100004728,58962.3289468,19.7203846,0.0911863744,0,zr,245.5281406,43.7768812
722214100004728,58964.4146875,19.8622379,0.10169287,0,zr,245.5281559,43.7768579
722214100004728,58964.4155903,19.8627758,0.101734698,0,zr,245.5281731,43.7768404
722214100004728,58964.4372801,19.9235115,0.106559582,0,zr,245.5281188,43.77687
722214100004728,58965.3366435,19.886425,0.103589989,0,zr,245.5281456,43.7768768
722214100004728,58965.3454745,19.8121052,0.0978596509,0,zr,245.52812,43.7768668
722214100004728,58965.4399306,19.8548107,0.10111662,0,zr,245.5281807,43.7768552
722214100004728,58966.3880671,19.8163338,0.0981778502,0,zr,245.5281963,43.7768717
722214100004728,58966.3898727,19.7766094,0.0952254459,0,zr,245.5281042,43.7768647
722214100004728,58967.3635995,19.8790169,0.103005573,0,zr,245.5281199,43.7768658
722214100004728,58967.3925579,19.9314575,0.107205518,0,zr,245.5280982,43.7768457
722214100004728,58967.3939699,19.7600822,0.0940212905,0,zr,245.5280918,43.7768617
722214100004728,58970.3733218,19.7724018,0.094917506,0,zr,245.528113,43.7768554
722214100004728,58970.3812616,19.8189526,0.0983754098,0,zr,245.5281105,43.7768797
722214100004728,58970.4007986,19.8397255,0.0999550745,0,zr,245.5281276,43.776878
722214100004728,58971.4145949,19.7847748,0.0958255455,0,zr,245.528161,43.776881
722214100004728,58972.3843519,19.798584,0.0968484133,0,zr,245.5281183,43.7768558
722214100004728,58972.4072454,19.9345055,0.107454091,0,zr,245.5280885,43.7768792
722214100004728,58972.4209838,19.7591057,0.0939505026,0,zr,245.5281869,43.7768598
722214100004728,58973.3294329,19.8969841,0.104427919,0,zr,245.5281063,43.7768328
722214100004728,58973.3502083,19.9152336,0.105890356,0,zr,245.5280644,43.7768143
722214100004728,58974.3329167,19.7362995,0.092313163,0,zr,245.5281114,43.77687
722214100004728,58974.3422338,19.8116627,0.0978263393,0,zr,245.5281837,43.7768866
722214100004728,58975.4015278,19.8350067,0.0995942578,0,zr,245.5283319,43.7768942
722214100004728,58975.4043403,19.6054382,0.0834256709,0,zr,245.5281395,43.7768082
722214100004728,58976.3024074,19.812458,0.0978861749,0,zr,245.5279916,43.7768984
722214100004728,58977.4057292,19.7255878,0.0915533677,0,zr,245.5280436,43.7768795
722214100004728,58978.2736574,19.8398247,0.0999626592,0,zr,245.5280836,43.7767859
722214100004728,58978.2821991,19.8928833,0.104101762,0,zr,245.5280745,43.7768349
722214100004728,58978.3115856,20.1125088,0.122849748,0,zr,245.5282514,43.7768678
722214100004728,58979.3210648,19.9078445,0.105296113,0,zr,245.5280967,43.7768591
722214100004728,58979.346956,19.8238831,0.0987482965,0,zr,245.5281796,43.7768436
722214100004728,58979.3478935,19.7222881,0.0913204849,0,zr,245.5281809,43.77686
722214100004728,58980.2778241,19.8649445,0.101903573,0,zr,245.5281661,43.776888
722214100004728,58980.3042593,19.8633537,0.101779692,0,zr,245.5282189,43.7768443
722214100004728,58980.3061458,19.8265095,0.0989474431,0,zr,245.5281191,43.7768274
722214100004728,58981.2681481,19.946312,0.108421989,0,zr,245.5282213,43.7768586
722214100004728,58981.2753125,19.7897053,0.0961896032,0,zr,245.5281714,43.7768188
722214100004728,58981.2866319,19.827404,0.0990153179,0,zr,245.5279763,43.7768626
722214100004728,58983.455162,19.8255062,0.0988712758,0,zr,245.5281815,43.7769254
722214100004728,58984.4096528,20.0322227,0.115692496,0,zr,245.5281026,43.7768797
722214100004728,58984.4495833,19.8262081,0.0989245549,0,zr,245.5281656,43.7768862
722214100004728,58985.3837616,19.9381142,0.107749216,0,zr,245.5281047,43.776886
722214100004728,58985.3846991,19.8936729,0.104164556,0,zr,245.5281329,43.7768693
722214100004728,58985.3979051,19.9630947,0.109810896,0,zr,245.5280866,43.776854
722214100004728,58986.2889583,19.8913441,0.103979595,0,zr,245.5280843,43.7768715
722214100004728,58986.2898958,19.9248619,0.106669135,0,zr,245.5281312,43.7768613
722214100004728,58986.3061227,19.8583965,0.101394475,0,zr,245.5281676,43.7768565
722214100004728,58987.3305093,20.0075645,0.113564782,0,zr,245.5281207,43.7768688
722214100004728,58987.3460532,19.937685,0.107714087,0,zr,245.5281394,43.7768248
722214100004728,58987.3469907,19.9561234,0.109232143,0,zr,245.5281847,43.776863
722214100004728,58991.2522917,19.9280872,0.106931061,0,zr,245.5280813,43.7768555
722214100004728,58991.2835185,19.9234009,0.106550612,0,zr,245.5281116,43.7768908
722214100004728,58992.2841551,19.830534,0.0992533118,0,zr,245.5280886,43.7768541
722214100004728,58992.2987384,19.9549332,0.109133527,0,zr,245.5281031,43.7769323
722214100004728,58992.2996759,19.9076309,0.105278909,0,zr,245.5281298,43.77688
722214100004728,58993.2915162,19.8989391,0.104583733,0,zr,245.5281255,43.7768591
722214100004728,58994.2935764,19.9579716,0.109385282,0,zr,245.5281179,43.7768617
722214100004728,58994.321088,19.9568863,0.109295346,0,zr,245.5281655,43.7768912
722214100004728,58994.3220139,19.8812485,0.103181288,0,zr,245.5281728,43.7768744
722214100004728,58995.2597569,19.9709835,0.110468931,0,zr,245.5281014,43.7768468
722214100004728,58995.2606944,19.8788052,0.102988973,0,zr,245.5281513,43.7769053
722214100004728,58995.2855671,19.9050293,0.105070435,0,zr,245.5281418,43.7768881
722214100004728,58996.2765278,19.932991,0.107330523,0,zr,245.5281281,43.7768905
722214100004728,58996.2774653,19.9914856,0.112195082,0,zr,245.5281184,43.7768781
722214100004728,58996.2984144,19.9707184,0.110446796,0,zr,245.5280766,43.7768988
722214100004728,58997.2749306,19.9552021,0.109155834,0,zr,245.5281145,43.7768453
722214100004728,58997.3071528,20.0153065,0.114229225,0,zr,245.5281654,43.7768799
722214100004728,58997.308588,19.9479713,0.10855864,0,zr,245.5280947,43.776883
722214100004728,58998.3068866,19.9629784,0.109801173,0,zr,245.5281353,43.7768334
722214100004728,58998.3155787,19.9677353,0.110197634,0,zr,245.5281588,43.7768899
722214100004728,58998.3165509,19.9555874,0.109187707,0,zr,245.5281562,43.7768686
722214100004728,58999.3025347,19.9125404,0.105673425,0,zr,245.528181,43.7769012
722214100004728,58999.3223727,19.9256287,0.106731355,0,zr,245.5280809,43.7769544
722214100004728,59000.3904977,20.211916,0.132193729,32768,zr,245.5282269,43.7768061
722214100004728,59001.2630787,19.7129784,0.0906663761,0,zr,245.5281628,43.7769096
722214100004728,59001.2816782,19.7861347,0.0959258527,0,zr,245.5280422,43.776913
722214100004728,59001.2826157,19.9428215,0.108135052,0,zr,245.5281088,43.7768647
722214100004728,59004.2678356,19.8380814,0.0998292267,0,zr,245.5281597,43.7768863
722214100004728,59004.2793403,20.072979,0.119282067,0,zr,245.5281155,43.7768343
722214100004728,59004.2812153,19.9438877,0.108222693,0,zr,245.5282165,43.776833
722214100004728,59008.3483565,19.937624,0.107709005,0,zr,245.5280716,43.7768784
722214100004728,59009.2235995,19.9177742,0.106095329,0,zr,245.5280713,43.7769236
722214100004728,59009.224537,19.7687778,0.0946530402,0,zr,245.5280747,43.7769549
722214100004728,59011.2621759,19.9665413,0.110097975,0,zr,245.5280946,43.7768571
722214100004728,59012.2689352,20.0760555,0.119556613,0,zr,245.5281638,43.7768875
722214100004728,59012.2698727,19.9833794,0.111509882,0,zr,245.5281458,43.7768819
722214100004728,59012.2815509,20.0127831,0.114012368,0,zr,245.5281316,43.7768898
722214100004728,59013.3169676,19.8842049,0.103414491,0,zr,245.5281253,43.7768794
722214100004728,59013.3349884,19.9421406,0.10807918,0,zr,245.5280139,43.7768476
722214100004728,59014.2390509,19.9234219,0.106552348,0,zr,245.5281286,43.7768661
722214100004728,59014.2677083,20.0588417,0.118026659,0,zr,245.5281153,43.776864
722214100004728,59015.3190162,19.9751072,0.110814363,0,zr,245.5280752,43.7769111
722214100004728,59015.3199421,19.925436,0.106715672,0,zr,245.5281819,43.7769082
722214100004728,59017.2632755,20.076664,0.119610935,0,zr,245.5281759,43.7768826
722214100004728,59017.2843403,20.0556011,0.117740497,0,zr,245.5280881,43.776914
722214100004728,59019.2477778,20.0707302,0.119081713,0,zr,245.5281414,43.7768599
722214100004728,59020.261713,19.9884987,0.111942157,0,zr,245.5281671,43.7768624
722214100004728,59020.2855208,19.9741001,0.110729903,0,zr,245.5281294,43.7768408
722214100004728,59022.2474074,20.0368042,0.116091564,0,zr,245.528165,43.7768731
722214100004728,59022.2483449,20.1028233,0.121967643,0,zr,245.5281264,43.776836
722214100004728,59022.2615509,19.9536629,0.109028496,0,zr,245.5280617,43.7768753
722214100004728,59023.1998264,20.0623856,0.118340462,0,zr,245.5281277,43.7768685
722214100004728,59023.2998264,20.0101166,0.113783374,0,zr,245.5281958,43.7768414
722214100004728,59024.2681829,20.0501385,0.117259368,0,zr,245.528144,43.776892
722214100004728,59025.1868519,20.0273132,0.115266241,0,zr,245.5281293,43.7768964
722214100004728,59025.1972222,20.0811882,0.120015956,0,zr,245.5281435,43.7768835
722214100004728,59025.3680208,20.2052002,0.131545767,0,zr,245.5280949,43.7768913
722214100004728,59027.2601852,20.1096268,0.122586727,0,zr,245.5281938,43.7769069
722214100004728,59027.2862731,19.9385147,0.107782006,0,zr,245.528116,43.7768532
722214100004728,59028.2395718,20.0539513,0.117594987,0,zr,245.5280899,43.7768704
722214100004728,59028.2482292,19.8940392,0.10419365,0,zr,245.5281951,43.7768415
722214100004728,59028.2663079,20.0480595,0.11707665,0,zr,245.5281421,43.7768752
722214100004728,59029.2173148,19.9431953,0.108165793,0,zr,245.5284647,43.7766953
722214100004728,59031.3710185,20.0222282,0.114826068,0,zr,245.5282172,43.7768756
722214100004728,59032.3490278,20.005024,0.113347329,0,zr,245.5281081,43.7768753
722214100004728,59033.18625,20.1020412,0.121896639,0,zr,245.528003,43.776771
722214100004728,59034.3436806,19.9612103,0.109654158,0,zr,245.528232,43.7768573
722214100004728,59035.3652431,19.7427979,0.0927769691,0,zr,245.5280532,43.7768908
722214100004728,59036.2684491,19.7932529,0.0964523628,0,zr,245.5281526,43.776901
722214100004728,59036.3623264,19.8233204,0.0987056717,0,zr,245.528113,43.7769308
722214100004728,59038.3929514,19.8751812,0.102704205,0,zr,245.5281466,43.7769272
722214100004728,59039.2231713,20.0684433,0.118878007,0,zr,245.528125,43.7768877
722214100004728,59039.2530903,19.9648151,0.109954096,0,zr,245.5282135,43.7768428
722214100004728,59040.2761111,20.019455,0.114586644,0,zr,245.5281478,43.7768716
722214100004728,59040.2770486,19.9105949,0.105516963,0,zr,245.5281387,43.7768532
722214100004728,59041.2378472,20.1389046,0.125279114,0,zr,245.5281758,43.7768926
722214100004728,59041.2721528,19.9755058,0.110847749,0,zr,245.5281398,43.7768856
722214100004728,59042.2201736,20.0352669,0.115957521,0,zr,245.5281564,43.7768437
722214100004728,59043.2502083,19.9965496,0.112624951,0,zr,245.5281209,43.7768176
722214100004728,59043.2639815,20.0145035,0.114160113,0,zr,245.528123,43.7768676
722214100004728,59044.2207523,19.9684601,0.110258132,0,zr,245.5280984,43.7768623
722214100004728,59044.3930556,19.8957043,0.104326092,0,zr,245.5282579,43.7768769
722214100004728,59045.1987616,20.0107651,0.113839,0,zr,245.5281536,43.7768938
722214100004728,59045.2225926,20.1989403,0.130944163,0,zr,245.5281629,43.7768535
722214100004728,59046.205625,20.1666641,0.127874494,0,zr,245.5280756,43.7768719
722214100004728,59046.2065741,20.0895882,0.120770693,0,zr,245.5281069,43.7768568
722214100004728,59046.4090394,19.9747105,0.110781081,0,zr,245.5281879,43.7768704
722214100004728,59047.2204745,20.1167641,0.123238899,0,zr,245.5281582,43.7768411
722214100004728,59047.4076042,20.1610012,0.127341717,0,zr,245.528068,43.7769005
722214100004728,59048.2040741,20.0241566,0.114992857,0,zr,245.528139,43.776892
722214100004728,59048.3826273,19.890152,0.103885047,0,zr,245.5281907,43.7768722
722214100004728,59049.1791898,20.0689697,0.118924886,0,zr,245.5281342,43.7768707
722214100004728,59049.349537,19.909977,0.105467238,0,zr,245.5281629,43.776867
722214100004728,59050.2712037,19.9301987,0.107102968,0,zr,245.528136,43.7768567
722214100004728,59050.3109954,20.0657806,0.1186416,0,zr,245.5281447,43.7769021
722214100004728,59051.2451852,20.0980511,0.121535063,0,zr,245.5281074,43.7768433
722214100004728,59052.1729051,19.9564037,0.109255344,0,zr,245.5281317,43.7768769
722214100004728,59052.2571412,19.859005,0.101441652,0,zr,245.5281405,43.7768608
722214100004728,59052.2599537,19.971241,0.110490471,0,zr,245.5281297,43.7768588
722214100004728,59052.3664815,19.9644051,0.109919958,0,zr,245.5281692,43.7768673
722214100004728,59053.3090162,20.0345497,0.115895003,0,zr,245.5281064,43.7768819
722214100004728,59054.2057176,19.9702721,0.110409521,0,zr,245.5280945,43.7768684
722214100004728,59054.3502315,20.1473274,0.126062304,0,zr,245.5282388,43.7768171
722214100004728,59055.2455787,19.9730892,0.110645227,0,zr,245.5281422,43.7768441
722214100004728,59056.1960995,19.980484,0.111265995,0,zr,245.5280959,43.7768632
722214100004728,59056.3493171,19.5853615,0.0821368247,0,zr,245.5281346,43.7768541
722214100004728,59057.1794907,20.0494499,0.117198765,0,zr,245.5281166,43.7768718
722214100004728,59057.3433333,20.1755867,0.128717646,0,zr,245.5281405,43.7768971
722214100004728,59059.1658565,20.1400681,0.125387058,0,zr,245.5281213,43.7768582
722214100004728,59059.1797685,20.0358391,0.116007388,0,zr,245.5281925,43.7768919
722214100004728,59059.3444907,20.0372868,0.116133563,0,zr,245.5281594,43.7768455
722214100004728,59061.2552662,20.1055641,0.122216806,0,zr,245.5282342,43.7768741
722214100004728,59061.3552199,20.2294998,0.133901253,0,zr,245.5282658,43.7768059
722214100004728,59062.2216435,19.7834282,0.0957263932,0,zr,245.5282097,43.7768825
722214100004728,59062.2240741,20.2633591,0.137235001,0,zr,245.5281246,43.7769035
722214100004728,59062.3202662,19.8524189,0.100931592,0,zr,245.5280042,43.7768372
722214100004728,59063.159375,19.8378067,0.0998082608,0,zr,245.5282067,43.7768364
722214100004728,59063.3622106,19.675211,0.0880578682,0,zr,245.5283948,43.776889
722214100004728,59065.1610185,19.9027863,0.104890913,0,zr,245.5281375,43.7769252
722214100004728,59065.1738426,20.0372906,0.116133988,0,zr,245.5282014,43.7768412
722214100004728,59066.2227083,19.9110336,0.105552226,0,zr,245.5281525,43.7768499
722214100004728,59066.2236458,19.9646244,0.109938219,0,zr,245.528241,43.7768726
722214100004728,59067.1590162,20.0459385,0.116890416,0,zr,245.5281108,43.7768386
722214100004728,59067.1764815,20.1422501,0.125589669,0,zr,245.5281196,43.7768173
722214100004728,59067.2987731,20.2772636,0.138621166,0,zr,245.5283179,43.7767813
722214100004728,59068.2404745,20.1179218,0.123344794,0,zr,245.5281634,43.7768612
722214100004728,59069.1968171,20.0626163,0.118360743,0,zr,245.5281456,43.7768856
722214100004728,59069.1996296,20.3080444,0.141724676,0,zr,245.5281526,43.7769287
722214100004728,59070.1821412,19.9740772,0.110728011,0,zr,245.5281112,43.7768704
722214100004728,59070.198044,20.0698757,0.119005516,0,zr,245.5280945,43.7768688
722214100004728,59070.3033102,20.3088875,0.141810432,0,zr,245.5281757,43.7768541
722214100004728,59071.1844676,20.030426,0.115536466,0,zr,245.5281022,43.7769072
722214100004728,59071.3506713,19.8715973,0.102423236,0,zr,245.5281128,43.7768318
722214100004728,59072.1819792,20.1395931,0.12534304,0,zr,245.5281471,43.7768977
722214100004728,59072.1959028,19.9420719,0.108073607,0,zr,245.5280904,43.7768901
722214100004728,59072.3220139,19.9665775,0.110100955,0,zr,245.5282167,43.7767953
722214100004728,59073.1803125,20.0761337,0.119563632,0,zr,245.5281916,43.7768662
722214100004728,59073.2087731,20.0053864,0.113378316,0,zr,245.5282184,43.7768942
722214100004728,59074.1822454,20.0530396,0.117514744,0,zr,245.528181,43.7768899
722214100004728,59074.1841435,20.2474594,0.135662124,0,zr,245.5280812,43.7768281
722214100004728,59075.2196759,20.1518974,0.126488835,0,zr,245.5282273,43.7768432
722214100004728,59075.3011111,19.9424801,0.108107075,0,zr,245.5281565,43.776845
722214100004728,59076.2041782,20.060957,0.118213758,0,zr,245.5281439,43.7768632
722214100004728,59077.1542361,19.8921928,0.104046956,0,zr,245.5281309,43.776856
722214100004728,59078.1786806,20.102726,0.121958964,0,zr,245.5281823,43.7768936
722214100004728,59078.2837847,20.0879631,0.120624505,0,zr,245.5282567,43.7769219
722214100004728,59079.2276042,19.981163,0.111323185,0,zr,245.5280933,43.7768047
722214100004728,59079.3004861,19.9893093,0.112010747,0,zr,245.5280954,43.776947
722214100004728,59080.1820486,20.0585251,0.117998637,0,zr,245.5281201,43.7768591
722214100004728,59080.3011574,19.9763641,0.110919759,0,zr,245.5283245,43.7767833
722214100004728,59081.174838,20.0574341,0.117902353,0,zr,245.5281896,43.7768757
722214100004728,59082.1664236,20.0585423,0.118000329,0,zr,245.5281504,43.7768384
722214100004728,59082.258044,20.1752625,0.128686935,0,zr,245.5282126,43.7768781
722214100004728,59084.2078935,19.9796867,0.111198895,0,zr,245.528278,43.7769018
722214100004728,59084.2853588,19.9983616,0.112779111,0,zr,245.5280875,43.7769394
722214100004728,59086.1753241,20.0909309,0.12089166,0,zr,245.5281811,43.7769034
722214100004728,59087.1567824,19.7587929,0.093927905,0,zr,245.528136,43.7768528
722214100004728,59087.2763194,19.8864937,0.103595361,0,zr,245.5281238,43.7768327
722214100004728,59088.1807986,20.2113037,0.132134497,0,zr,245.5279724,43.7769142
722214100004728,59089.1402199,20.2509594,0.136007234,0,zr,245.5281838,43.7767969
722214100004728,59091.2045949,20.1264801,0.124130964,0,zr,245.528186,43.7768876
722214100004728,59092.2159144,20.04179,0.116527021,0,zr,245.5282262,43.7768623
722214100004728,59092.230544,19.9310913,0.107175596,0,zr,245.528168,43.776755
722214100004728,59093.1409144,19.7326603,0.0920543298,0,zr,245.5282366,43.7768491
722214100004728,59094.1605556,19.8800259,0.103085048,0,zr,245.5281345,43.7768407
722214100004728,59095.1362963,19.8919983,0.10403154,0,zr,245.5281539,43.7769034
722214100004728,59095.1420833,19.9050522,0.105072245,0,zr,245.5281662,43.7768493
722214100004728,59096.2030093,20.072155,0.119208522,0,zr,245.5281294,43.7768423
722214100004728,59096.2814236,19.8937836,0.10417328,0,zr,245.5279717,43.7767349
722214100004728,59098.1661574,20.1477909,0.126105428,0,zr,245.5282001,43.776859
722214100004728,59099.1377431,20.1497688,0.126290008,0,zr,245.5282002,43.7769055
722214100004728,59106.2011458,19.9990425,0.112837061,0,zr,245.5281497,43.776879
722214100004728,59107.1453241,20.0313683,0.115618296,0,zr,245.5282139,43.7769071
722214100004728,59110.1423148,20.3150063,0.142433241,0,zr,245.5282445,43.7768425
722214100004728,59111.2390394,19.9107628,0.105530486,0,zr,245.5281715,43.7766878
722214100004728,59112.1769907,20.0888939,0.120708205,0,zr,245.5281413,43.7769445
722214100004728,59115.1544213,20.1072884,0.122373641,0,zr,245.5282076,43.7768554
722214100004728,59117.131088,20.2554398,0.136449873,0,zr,245.5281611,43.7768442
722214100004728,59119.1596875,20.2986908,0.14077653,0,zr,245.5281824,43.7768925
722214100004728,59119.1758796,19.9367981,0.107641526,0,zr,245.5281568,43.7768414
722214100004728,59126.1790394,19.8040199,0.0972537994,0,zr,245.5280709,43.776936
722214100004728,59130.1437384,20.1932449,0.130398452,0,zr,245.5281599,43.7768157
722214100004728,59137.0953241,19.9548168,0.10912396,0,zr,245.5281024,43.7768489
722214100004728,59140.1248611,20.2831001,0.139205962,0,zr,245.5281629,43.7768819
722214100004728,59142.1356713,20.2668476,0.13758181,0,zr,245.5283996,43.776845
722214100004728,59219.5127894,19.8318729,0.0993552506,0,zr,245.5282942,43.7769149
722214100004728,59228.493912,20.1895714,0.130047351,0,zr,245.528218,43.7768995
722214100004728,59230.5349074,20.1499119,0.126303345,0,zr,245.528298,43.7768312
722214100004728,59232.4884375,20.348959,0.145923331,0,zr,245.5282276,43.7768206
722214100004728,59248.5448727,20.1701012,0.128198802,0,zr,245.5281478,43.7769058
722214100004728,59249.5083796,20.1764278,0.128797174,0,zr,245.5281019,43.7768627
722214100004728,59249.5121296,20.1846123,0.129574582,0,zr,245.5281017,43.7768421
722214100004728,59250.5453125,20.1162052,0.123187587,0,zr,245.5280365,43.7768667
722214100004728,59251.5159838,20.0804081,0.1199461,0,zr,245.5279182,43.7769118
722214100004728,59253.515787,20.0554161,0.117724076,0,zr,245.5281564,43.7769771
722214100004728,59255.4336574,20.2563,0.136535034,0,zr,245.5280258,43.7768153
722214100004728,59258.4925116,20.2833061,0.139226526,0,zr,245.5282405,43.7769634
722214100004728,59262.487662,20.2351341,0.134452045,0,zr,245.5280905,43.77688
722214100004728,59264.5275579,20.1062164,0.122276224,0,zr,245.528056,43.776834
722214100004728,59266.528206,20.3421707,0.145221114,0,zr,245.5280848,43.7771038
722214100004728,59270.485625,20.4081841,0.152143776,0,zr,245.5282659,43.7769053
722214100004728,59272.4990509,19.9795437,0.111186877,0,zr,245.5281263,43.77675
722214100004728,59275.5132176,20.3052292,0.141439021,0,zr,245.5284858,43.776783
722214100004728,59275.5141551,20.1630135,0.127530858,0,zr,245.5282349,43.7768591
722214100004728,59278.4932523,20.2396908,0.134898484,0,zr,245.5282453,43.7769084
722214100004728,59282.510625,20.1286545,0.124331295,0,zr,245.5281904,43.7768471
722214100004728,59292.469838,20.1612873,0.127368599,0,zr,245.5281496,43.7768533
722214100004728,59295.4892361,20.2538662,0.136294276,0,zr,245.5281062,43.7769227
722214100004728,59300.4770255,19.953167,0.108987495,0,zr,245.5282418,43.7767356
722214100004728,59302.4490278,20.2332745,0.134270146,0,zr,245.5282414,43.7769604
722214100004728,59302.4499769,19.8888626,0.103782833,0,zr,245.5279515,43.7768961
722214100004728,59303.4509144,19.9842777,0.111585587,0,zr,245.5281162,43.7768462
722214100004728,59306.470787,20.1332836,0.124758527,0,zr,245.5280901,43.7768592
722214100004728,59307.4056597,20.0999432,0.121706352,0,zr,245.5282135,43.7768105
722214100004728,59307.4065972,20.2674828,0.13764517,0,zr,245.5281858,43.7768678
722214100004728,59308.4518866,20.2906666,0.139966786,0,zr,245.528121,43.7768937
722214100004728,59309.4115972,20.215374,0.132528394,0,zr,245.5281253,43.7768926
722214100004728,59311.4779167,20.0767746,0.119620971,0,zr,245.5280924,43.7768653
722214100004728,59313.4454861,20.0973969,0.121475711,0,zr,245.5281064,43.776932
722214100004728,59317.4314005,20.2533092,0.13623938,0,zr,245.5280676,43.7768863
722214100004728,59320.4740278,20.0290222,0.11541453,0,zr,245.5281628,43.776878
722214100004728,59322.3058912,20.0936775,0.121139459,0,zr,245.5281579,43.776912
722214100004728,59324.2789583,20.1870937,0.129811019,0,zr,245.5281825,43.7768702
722214100004728,59329.2777083,19.8619423,0.101669885,0,zr,245.5280111,43.7769108
722214100004728,59334.3830671,19.8821278,0.103250653,0,zr,245.528218,43.77691
722214100004728,59334.3840278,20.1702042,0.128208518,0,zr,245.528157,43.7769478
722214100004728,59336.3430671,20.1404095,0.125418708,0,zr,245.5281178,43.776888
722214100004728,59336.3439931,20.0526161,0.11747735,0,zr,245.5281106,43.776881
722214100004728,59338.3882407,20.2376328,0.134696752,0,zr,245.5280486,43.7768915
722214100004728,59339.3219097,20.0161896,0.11430537,0,zr,245.5281588,43.7768925
722214100004728,59339.3295139,20.0893631,0.120750494,0,zr,245.5280269,43.7768763
722214100004728,59340.4073611,20.0290432,0.115416393,0,zr,245.5280717,43.7768487
722214100004728,59341.4075463,20.2161961,0.132607818,0,zr,245.528091,43.7769181
722214100004728,59341.4084838,19.9871178,0.111825444,0,zr,245.528218,43.7768506
722214100004728,59342.4233796,20.102108,0.121902697,0,zr,245.5281532,43.7768667
722214100004728,59343.3476736,20.0182648,0.114484042,0,zr,245.5281397,43.7768882
722214100004728,59343.3486111,20.067524,0.118796401,0,zr,245.5281343,43.7768217
722214100004728,59344.3866088,20.0626469,0.118363485,0,zr,245.5280285,43.7768753
722214100004728,59345.3497222,20.2753391,0.138428763,0,zr,245.528059,43.7768725
722214100004728,59345.3525579,19.9439449,0.108227402,0,zr,245.5281041,43.7768907
722214100004728,59346.4028241,20.09235,0.121019825,0,zr,245.5281042,43.7768703
722214100004728,59349.3417824,19.9628487,0.109790362,0,zr,245.5281281,43.7768798
722214100004728,59353.3310417,19.9010639,0.10475336,0,zr,245.5280463,43.7769149
722214100004728,59356.2707523,19.9552021,0.109155834,0,zr,245.5281575,43.7769003
722214100004728,59356.370463,19.8997726,0.104650199,0,zr,245.5282905,43.7768953
722214100004728,59357.4457986,19.7054882,0.0901433378,0,zr,245.528118,43.7769093
722214100004728,59358.3639005,19.9260254,0.106763579,0,zr,245.5281329,43.7769148
722214100004728,59359.2408449,19.8226528,0.0986551344,0,zr,245.5283185,43.7768452
722214100004728,59359.3926042,19.8115463,0.0978176668,0,zr,245.5281589,43.7768817
722214100004728,59359.4145602,19.9078255,0.105294593,0,zr,245.5281027,43.7768496
722214100004728,59361.2252546,19.8903351,0.103899598,0,zr,245.5280392,43.7768855
722214100004728,59361.4355556,19.9386311,0.107791469,0,zr,245.5282716,43.7768826
722214100004728,59362.297963,20.0809822,0.119997576,0,zr,245.52816,43.7769992
722214100004728,59362.2989005,19.9675865,0.110185191,0,zr,245.5281535,43.7768607
722214100004728,59363.3621065,19.6788368,0.0883052051,0,zr,245.5281676,43.7768906
722214100004728,59363.4126736,19.8512478,0.100841179,0,zr,245.5281813,43.7768747
722214100004728,59364.2639005,19.9001579,0.104681022,0,zr,245.5281612,43.7768766
722214100004728,59364.3419676,20.0007744,0.112984642,0,zr,245.5281072,43.7768678
722214100004728,59364.3434606,19.9996624,0.112889856,0,zr,245.528134,43.7768869
722214100004728,59365.2647222,19.8937759,0.104172707,0,zr,245.5281514,43.7768729
722214100004728,59365.348912,19.7409649,0.092645973,0,zr,245.5281501,43.7768644
722214100004728,59366.3402315,19.9272022,0.106859162,0,zr,245.5281287,43.7768912
722214100004728,59366.34125,19.8667336,0.1020431,0,zr,245.5281614,43.7768921
722214100004728,59366.358669,19.9107647,0.10553056,0,zr,245.528152,43.7768497
722214100004728,59367.3808102,20.0377769,0.116176441,0,zr,245.5280921,43.7768708
722214100004728,59368.3063079,19.9687119,0.110279135,0,zr,245.5281213,43.7768846
722214100004728,59368.384537,20.0184879,0.114503369,0,zr,245.5281394,43.7768906
722214100004728,59368.3854745,20.0204525,0.114672862,0,zr,245.5281825,43.776862
722214100004728,59369.4268056,20.0538292,0.117584281,0,zr,245.5280735,43.7768935
722214100004728,59370.2587269,19.9246178,0.106649302,0,zr,245.5281656,43.7768515
722214100004728,59370.3404977,19.9701176,0.110396571,0,zr,245.5282042,43.7768945
722214100004728,59370.3579861,19.8266144,0.0989553928,0,zr,245.5281723,43.7768743
722214100004728,59371.3428704,20.069416,0.11896456,0,zr,245.5281654,43.7768759
722214100004728,59372.3181134,19.3233528,0.0670235604,32768,zr,245.5281175,43.7768154
722214100004728,59373.2481944,20.0201416,0.114645898,0,zr,245.5281751,43.7768484
722214100004728,59374.1945486,19.8029785,0.0971760675,0,zr,245.5281465,43.7769167
722214100004728,59374.2829745,19.8325539,0.0994071215,32768,zr,245.5282215,43.7768502
722214100004728,59374.4299537,19.846981,0.100512266,32768,zr,245.528128,43.7768428
722214100004728,59375.2357407,19.69734,0.0895775929,0,zr,245.5281675,43.7768737
722214100004728,59375.4029514,19.8613796,0.101626113,0,zr,245.5280947,43.7768012
722214100004728,59376.2813194,19.9248848,0.106670976,0,zr,245.5281007,43.7768808
722214100004728,59376.3016319,19.9833298,0.111505672,0,zr,245.5282015,43.7768852
722214100004728,59376.3249074,19.9021683,0.104841553,0,zr,245.5280772,43.7769069
722214100004728,59377.2495949,19.8241005,0.0987647325,0,zr,245.5281238,43.7768647
722214100004728,59377.3925926,19.9816666,0.111365549,0,zr,245.5281067,43.7768779
722214100004728,59378.2595949,19.8565311,0.101249829,0,zr,245.5281076,43.7768652
722214100004728,59378.2985069,20.036314,0.116048723,0,zr,245.5281028,43.7768696
722214100004728,59378.299456,19.7814941,0.0955839977,0,zr,245.5281714,43.7768856
722214100004728,59379.3517593,19.8476238,0.100561738,0,zr,245.5281569,43.7768779
722214100004728,59379.3697801,19.8646069,0.10187728,0,zr,245.5281498,43.7768546
722214100004728,59380.2009028,19.7036877,0.0900179818,0,zr,245.5281558,43.7769021
722214100004728,59380.3428472,19.7948151,0.0965683013,0,zr,245.5281198,43.7768866
722214100004728,59380.3500116,20.0373058,0.11613524,0,zr,245.5280932,43.7768749
722214100004728,59381.3787616,19.898571,0.104554348,0,zr,245.5281562,43.7769185
722214100004728,59382.3287731,19.9392929,0.107845657,0,zr,245.5282343,43.7768687
722214100004728,59382.3393056,19.8555756,0.10117577,0,zr,245.5281424,43.7768414
722214100004728,59382.3476852,19.8843079,0.103422686,0,zr,245.5281208,43.7768592
722214100004728,59383.207662,19.7936611,0.0964826867,0,zr,245.528091,43.7768345
722214100004728,59384.1967245,19.8184586,0.0983380601,32768,zr,245.5281283,43.7768923
722214100004728,59384.3294907,19.9262867,0.106784776,0,zr,245.5280971,43.7768839
722214100004728,59384.3433796,19.6984482,0.0896542966,0,zr,245.5281876,43.7768865
722214100004728,59385.2486111,19.876133,0.102778889,0,zr,245.5281635,43.7768299
722214100004728,59385.3402894,19.8134174,0.0979582369,0,zr,245.5281761,43.7768688
722214100004728,59386.2081713,19.6683807,0.0875938162,0,zr,245.5281491,43.7769045
722214100004728,59387.4017593,19.8763409,0.102795184,0,zr,245.5282599,43.7769019
722214100004728,59390.3293866,19.8795567,0.103048071,0,zr,245.5281718,43.7768255
722214100004728,59390.3551505,19.7781792,0.0953404829,0,zr,245.5281674,43.7768131
722214100004728,59391.2781713,19.8430176,0.100207552,0,zr,245.5281533,43.7768561
722214100004728,59391.3312963,19.659338,0.0869829282,0,zr,245.5281381,43.7768852
722214100004728,59392.2076157,19.997982,0.112746745,0,zr,245.5282017,43.7768692
722214100004728,59392.3314699,19.7572861,0.0938189253,0,zr,245.5281887,43.7769018
722214100004728,59392.3787847,19.6568069,0.0868126974,0,zr,245.5280893,43.77692
722214100004728,59393.2440972,19.8486729,0.100642554,0,zr,245.528169,43.776873
722214100004728,59393.3829282,19.9910774,0.112160429,0,zr,245.5284205,43.7769332
722214100004728,59394.2820949,19.7251682,0.0915237218,0,zr,245.5281044,43.7768911
722214100004728,59394.2873148,19.8338509,0.0995060131,0,zr,245.5281668,43.7769019
722214100004728,59394.3208565,19.9190788,0.106200814,0,zr,245.5282405,43.7768989
722214100004728,59396.224456,19.8757076,0.102745473,0,zr,245.5281336,43.7768765
722214100004728,59396.3464931,19.6816196,0.0884954408,0,zr,245.5281994,43.7768696
722214100004728,59396.3474306,19.8374977,0.0997845531,0,zr,245.5281472,43.7768806
722214100004728,59397.2132523,19.7973671,0.096757859,0,zr,245.5281486,43.776841
722214100004728,59397.3466667,19.6842098,0.0886728838,0,zr,245.5281523,43.7768576
722214100004728,59399.2235995,19.7670212,0.0945250615,0,zr,245.5281037,43.7768744
722214100004728,59399.3218403,19.7540684,0.0935865939,0,zr,245.5281371,43.7768947
722214100004728,59399.3295139,19.8806877,0.103137158,0,zr,245.5281515,43.7768395
722214100004728,59400.2233565,19.7265396,0.0916206166,0,zr,245.5281133,43.7768879
722214100004728,59400.3485069,19.8694115,0.102252305,0,zr,245.5281545,43.7768701
722214100004728,59401.2967824,19.9086647,0.105361931,0,zr,245.5280883,43.7769034
722214100004728,59401.2977315,19.8953667,0.104299143,0,zr,245.5282616,43.7768502
722214100004728,59401.3452662,19.6416187,0.0857977346,0,zr,245.5280706,43.7768789
722214100004728,59402.2601968,19.927063,0.106847838,0,zr,245.5281779,43.7769004
722214100004728,59403.2123032,19.7881851,0.096077241,0,zr,245.5281452,43.7768836
722214100004728,59403.3014005,19.7108612,0.0905182362,0,zr,245.5281846,43.7768224
722214100004728,59403.3217014,19.8554211,0.101163864,0,zr,245.528157,43.7768815
722214100004728,59405.3417477,19.7232399,0.0913875699,0,zr,245.5281338,43.7768282
722214100004728,59407.1986343,19.8741722,0.102624997,0,zr,245.528161,43.776874
722214100004728,59409.2855324,19.7880135,0.0960645601,0,zr,245.5281342,43.7768758
722214100004728,59411.2388773,19.6768169,0.0881673843,0,zr,245.5282234,43.7768639
722214100004728,59414.2858102,19.8016281,0.0970752686,0,zr,245.5281241,43.7768375
722214100004728,59423.2359028,19.6809807,0.0884517133,0,zr,245.5280943,43.7768796
722214100004728,59424.2131134,19.8459949,0.1004363,0,zr,245.5281372,43.7768509
722214100004728,59425.2063426,19.6943054,0.0893677101,0,zr,245.528123,43.7768757
722214100004728,59427.2159954,19.7237549,0.0914239064,0,zr,245.5281554,43.7768621
722214100004728,59428.1980324,19.7528343,0.0934976563,0,zr,245.5281289,43.7768718
722214100004728,59430.216169,19.8004971,0.0969909132,0,zr,245.528127,43.7768938
722214100004728,59434.1976736,19.7221489,0.0913106501,0,zr,245.5281102,43.7768558
722214100004728,59435.237963,19.7316017,0.0919791684,0,zr,245.5281117,43.7768794
722214100004728,59436.2033796,19.7830048,0.0956951305,0,zr,245.5281793,43.7768942
722214100004728,59439.2057176,19.6706524,0.087747857,0,zr,245.528243,43.7768841
722214100004728,59440.2167824,19.6746922,0.088022545,0,zr,245.5281884,43.776873
722214100004728,59441.1843056,19.6908264,0.0891277194,0,zr,245.5281282,43.7768218
722214100004728,59443.2387384,19.6606789,0.0870732665,0,zr,245.5281244,43.7768837
722214100004728,59448.2425926,19.433115,0.0729806423,0,zr,245.5281659,43.7768345
722214100004728,59448.2435301,19.5525589,0.0800726712,0,zr,245.5282039,43.7768771
722214100004728,59449.1631481,20.0267849,0.115220569,0,zr,245.5281666,43.7768091
722214100004728,59450.1639468,19.8079071,0.0975446478,0,zr,245.5281798,43.776849
722214100004728,59452.2058333,19.7462578,0.0930248648,32768,zr,245.528137,43.7768348
722214100004728,59452.2077199,19.4656811,0.0748496056,32768,zr,245.5280749,43.7769394
722214100004728,59453.2561921,19.6439419,0.0859522447,0,zr,245.5281919,43.7768567
722214100004728,59454.2969213,19.8971863,0.104444064,0,zr,245.5281632,43.7768873
722214100004728,59454.2978704,19.7562466,0.0937438011,0,zr,245.5281421,43.7767767
722214100004728,59455.1570833,19.7709732,0.0948132053,0,zr,245.5281124,43.7768919
722214100004728,59458.2047917,19.8649178,0.101901524,0,zr,245.5280844,43.776883
722214100004728,59458.2057292,19.72896,0.0917918757,0,zr,245.5280794,43.7768639
722214100004728,59459.1982755,19.8160324,0.0981551334,0,zr,245.5281593,43.7768582
722214100004728,59460.2209375,19.7668934,0.0945157707,0,zr,245.5281969,43.7768512
722214100004728,59461.1556944,19.6077366,0.083574459,0,zr,245.5281623,43.7769216
722214100004728,59462.2045602,19.8716736,0.102429219,0,zr,245.5280998,43.7769302
722214100004728,59462.2055093,19.7313766,0.0919632688,0,zr,245.5282042,43.7768897
722214100004728,59464.2200926,19.7601452,0.0940257758,0,zr,245.5281247,43.7768271
722214100004728,59466.154213,19.8610878,0.101603426,0,zr,245.528098,43.7768742
722214100004728,59468.2376389,19.7030907,0.0899765417,0,zr,245.5282436,43.7768684
722214100004728,59470.1441088,19.8560734,0.101214357,0,zr,245.5281292,43.7768502
722214100004728,59473.1438889,19.730793,0.0919218436,0,zr,245.5281555,43.7768979
722214100004728,59480.176956,19.5812912,0.081877932,0,zr,245.5281685,43.776876
722214100004728,59485.2006713,19.8311062,0.0992968753,0,zr,245.5281926,43.7769214
722214100004728,59489.1563079,19.8377495,0.0998038799,0,zr,245.528106,43.7768886
722214100004728,59491.1606597,19.7274952,0.0916882306,0,zr,245.5281773,43.77686
722214100004728,59512.1243981,19.6845131,0.088693738,0,zr,245.5281458,43.7769335
722214100004728,59600.5344907,19.5856667,0.0821562633,0,zr,245.5281453,43.7769381
722214100004728,59623.4532523,19.5125084,0.0776214525,0,zr,245.5281634,43.7768892
722214100004728,59625.4673264,19.5868778,0.0822334886,0,zr,245.5283496,43.7768347
722214100004728,59628.4695486,19.6975098,0.0895893052,0,zr,245.5282037,43.7768159
722214100004728,59630.511331,19.5670052,0.0809754357,0,zr,245.5282177,43.7768651
722214100004728,59637.4481597,19.6760139,0.088112615,32768,zr,245.528247,43.776937
722214100004728,59639.4957755,19.827755,0.0990420207,0,zr,245.5278038,43.7768926
722214100004728,59641.4891898,19.6558456,0.086748153,0,zr,245.5281666,43.7768702
722214100004728,59673.3816088,19.9191952,0.106210142,0,zr,245.5281777,43.7768999
722214100004728,59675.4346412,19.8760796,0.102774672,0,zr,245.5281301,43.7768697
722214100004728,59679.3871991,19.7146454,0.0907831341,0,zr,245.5281304,43.7768878
722214100004728,59683.386412,19.976429,0.110925153,0,zr,245.5280677,43.7768688
722214100004728,59693.3229398,19.766655,0.0944984257,0,zr,245.5282388,43.7768563
722214100004728,59695.4335532,19.5586395,0.0804514512,32768,zr,245.5281907,43.7769071
722214100004728,59700.3858218,19.929018,0.107006796,0,zr,245.5280816,43.7769099
722214100004728,59702.4113773,19.9002361,0.104687206,0,zr,245.5281223,43.7768989
722214100004728,59708.3723264,19.8064785,0.0974377096,0,zr,245.5280152,43.7768284
722214100004728,59710.365463,20.0110397,0.113862723,0,zr,245.5282598,43.7769777
722214100004728,59712.3437731,20.1428738,0.125647724,0,zr,245.528128,43.7768576
722214100004728,59714.3452199,19.8225021,0.0986436754,0,zr,245.5281563,43.7768329
722214100004728,59717.2604861,19.9797497,0.111204207,0,zr,245.528242,43.7768282
722214100004728,59719.3456366,19.845089,0.100366637,0,zr,245.5281713,43.776873
722214100004728,59719.4022106,19.753191,0.0935233459,0,zr,245.5281525,43.7768127
722214100004728,59723.3202778,20.1821957,0.129344806,0,zr,245.5281479,43.7768585
722214100004728,59725.3250579,20.0031242,0.113185212,0,zr,245.5281793,43.7768846
722214100004728,59730.28625,19.9978485,0.112735383,0,zr,245.5281174,43.7768743
722214100004728,59732.2981019,20.0488377,0.117144927,0,zr,245.5281252,43.7768819
722214100004728,59734.2585648,20.0675793,0.118801296,32768,zr,245.5280726,43.7768798
722214100004728,59736.3463426,20.0514946,0.117378712,0,zr,245.5281248,43.7768677
722214100004728,59740.3448611,20.0917015,0.120961308,0,zr,245.5281236,43.7769227
722214100004728,59742.2889005,19.7222137,0.0913151801,0,zr,245.5281918,43.7769201
722214100004728,59747.3533449,20.1150341,0.123080492,0,zr,245.5281274,43.7768485
722214100004728,59749.3243519,20.0109177,0.113852106,0,zr,245.5281782,43.7768945
722214100004728,59751.3620139,20.1169205,0.123253077,0,zr,245.5281424,43.7768633
722214100004728,59753.3270023,20.1881733,0.129914016,0,zr,245.5281376,43.77682
722214100004728,59756.3683102,20.0807495,0.119976632,0,zr,245.5281088,43.7768854
722214100004728,59758.3082407,20.1049252,0.122158691,0,zr,245.5281391,43.7768939
722214100004728,59760.2971991,20.1535912,0.1266471,0,zr,245.5281314,43.7768399
722214100004728,59762.2834028,20.0643616,0.118515477,0,zr,245.5282366,43.7768403
722214100004728,59764.305544,20.1693192,0.128124997,0,zr,245.5281171,43.7768732
722214100004728,59766.2579398,20.0673161,0.118777975,0,zr,245.5280888,43.7768829
722214100004728,59773.3182639,19.9601269,0.109564148,0,zr,245.5282847,43.7768618
722214100004728,59775.2888657,20.0123825,0.113977969,0,zr,245.5281864,43.7768284
722214100004728,59775.3410185,20.2065163,0.131672561,0,zr,245.5280823,43.7768943
722214100004728,59777.2226273,20.1837845,0.129495829,0,zr,245.5281526,43.776877
722214100004728,59782.2575463,20.2837238,0.139268652,0,zr,245.5281579,43.7768109
722214100004728,59784.2779167,20.232996,0.134242862,0,zr,245.5281606,43.7768503
722214100004728,59786.2381597,20.1727486,0.128448904,0,zr,245.528171,43.776844
722214100004728,59789.2356134,20.1267567,0.124156415,0,zr,245.5282352,43.776839
722214100004728,59791.2232639,20.0083904,0.113635421,32768,zr,245.5280806,43.7768819
722214100004728,59794.2591088,20.2997894,0.140887722,0,zr,245.5282163,43.7768625
722214100004728,59799.2071065,20.0400543,0.11637526,0,zr,245.5281599,43.7768914
722214100004728,59807.1782523,19.9522781,0.108913995,0,zr,245.5281304,43.7768939
722214100004728,59809.1824769,20.1833992,0.129459098,0,zr,245.5281054,43.7768361
722214100004728,59812.1813426,20.550312,0.166326404,0,zr,245.5281165,43.7768819
722214100004728,59816.166331,20.0707703,0.119085103,0,zr,245.5281548,43.7768558
722214100004728,59818.2201736,20.0956764,0.12132021,0,zr,245.5281739,43.7768931
722214100004728,59823.1840046,20.2115593,0.132159382,0,zr,245.5282436,43.7768661
722214100004728,59825.1630787,20.0973778,0.121473998,0,zr,245.5281927,43.776864
722214100004728,59842.181794,19.9582634,0.109409496,0,zr,245.5280778,43.7769202
722214100004728,59846.1462616,20.142828,0.125643536,0,zr,245.5281362,43.7768568
722214100004728,59853.1779514,20.0312557,0.115608558,0,zr,245.5281183,43.7768567
722214100004728,59857.177037,19.9218616,0.106425911,0,zr,245.5282105,43.7768368
722214100004728,59862.1361458,19.9547405,0.109117649,0,zr,245.5281477,43.776868
722214100004728,59936.5414699,19.9895935,0.112034865,0,zr,245.5281401,43.7769178
1761207200022593,58263.3514699,19.7088699,0.0891489014,0,zr,245.5282519,43.7769681
1761207200022593,58263.3519329,20.0537319,0.11411605,0,zr,245.5282608,43.7770922
1761207200022593,58268.3939236,19.8009377,0.0953576937,0,zr,245.5280849,43.7768505
1761207200022593,58268.3943866,19.9496841,0.106101811,0,zr,245.5281269,43.7768865
1761207200022593,58270.3746065,20.0104847,0.11073748,0,zr,245.5281636,43.7768899
1761207200022593,58270.3750694,19.8703213,0.100261413,0,zr,245.5281293,43.7769691
1761207200022593,58292.2911806,19.7309608,0.0906074047,0,zr,245.5281751,43.7768658
1761207200022593,58292.2916319,19.6879673,0.0877870098,0,zr,245.5281113,43.7768889
1761207200022593,58298.3308102,19.6992302,0.0885186046,0,zr,245.5281379,43.7768272
1761207200022593,58298.3312731,19.777338,0.0937335789,0,zr,245.5281982,43.7768884
1761207200022593,58299.3253241,19.6819553,0.0873986036,0,zr,245.5282625,43.7769893
1761207200022593,58299.325787,19.64217,0.0848651007,0,zr,245.5280141,43.7768991
1761207200022593,58534.4133912,19.4368114,0.0727963224,0,zr,245.5282205,43.7770134
1761207200022593,58580.3711574,19.6102581,0.0828791559,0,zr,245.5281495,43.7768164
1761207200022593,58589.2893519,18.9645939,0.051000651,32768,zr,245.5279965,43.7769841
1761207200022593,58593.3063657,19.4761963,0.0749817416,0,zr,245.5281488,43.7769027
1761207200022593,58602.3027778,19.7694397,0.0931950063,0,zr,245.5281783,43.7768479
1761207200022593,58606.2833449,19.7353115,0.0908969343,0,zr,245.5281733,43.776889
1761207200022593,58617.2842477,19.7094593,0.0891875327,0,zr,245.5281637,43.7768478
1761207200022593,58618.2283449,19.8110428,0.0960598662,0,zr,245.5281796,43.7768657
1761207200022593,58633.3292361,19.688448,0.087818101,0,zr,245.5281432,43.7768686
1761207200022593,58633.3296875,19.7149029,0.0895451978,0,zr,245.5281615,43.7768817
1761207200022593,58634.3191319,19.7047234,0.0888773054,0,zr,245.5281554,43.776854
1761207200022593,58634.3195833,19.7972012,0.095099017,0,zr,245.5281516,43.7768694
1761207200022593,58646.2632986,19.7563877,0.0923105702,0,zr,245.5281843,43.7769206
1761207200022593,58646.26375,19.7813683,0.0940093845,0,zr,245.5281759,43.7769157
1761207200022593,58651.3546412,19.7737885,0.093491219,0,zr,245.5281827,43.77683
1761207200022593,58652.3446759,19.9818573,0.108537801,0,zr,245.5281739,43.7768768
1761207200022593,58652.3451273,20.0023842,0.110111974,0,zr,245.5281952,43.7768186
1761207200022593,58654.3929051,19.6838646,0.0875218287,0,zr,245.5281021,43.7768785
1761207200022593,58654.3933565,19.8154678,0.0963686928,0,zr,245.528366,43.7768705
1761207200022593,58655.3213889,19.7315464,0.0906463116,0,zr,245.5282466,43.7768128
1761207200022593,58655.3218403,19.6857147,0.0876413509,0,zr,245.5281058,43.776932
1761207200022593,58676.2256829,19.7936401,0.0948530585,0,zr,245.5281992,43.7769387
1761207200022593,58676.2261458,19.5365925,0.0784511417,0,zr,245.5282226,43.7768455
1761207200022593,58677.2212731,19.6914902,0.0880152732,0,zr,245.5281648,43.7768781
1761207200022593,58677.2217245,19.7546387,0.0921925902,0,zr,245.5281507,43.7769177
1761207200022593,58680.2650116,19.6516171,0.0854608193,0,zr,245.5281385,43.7769169
1761207200022593,58680.265463,19.7610302,0.092624411,0,zr,245.528119,43.7769294
1761207200022593,58695.2630324,19.5230007,0.0776577741,32768,zr,245.528193,43.7768771
1761207200022593,58728.2316667,19.5774174,0.0808782429,0,zr,245.5281576,43.7768694
1761207200022593,58954.5062269,19.7432327,0.0914261341,0,zr,245.5282039,43.7768354
1761207200022593,58954.5066782,19.9094143,0.103107885,0,zr,245.5282319,43.7768662
1761207200022593,58974.306794,19.7441463,0.0914873928,0,zr,245.5281427,43.7768744
1761207200022593,58974.3072569,19.6857529,0.0876438171,0,zr,245.5281257,43.7768864
1761207200022593,59028.2496296,20.0810776,0.116285838,0,zr,245.5281897,43.776872
1761207200022593,59052.1733796,20.0294571,0.112211436,0,zr,245.5280905,43.7768055
1761207200022593,59059.1653935,20.0601292,0.114621311,0,zr,245.5281705,43.7768444
1761207200022593,59061.3556829,19.7854919,0.0942921937,0,zr,245.5282267,43.77691
1761207200022593,59087.1398611,20.0013332,0.110030979,0,zr,245.5280629,43.7768798
1761207200022593,59087.1407986,19.9758186,0.108077601,0,zr,245.5281989,43.7768739
1761207200022593,59337.4778241,19.9356956,0.105054833,0,zr,245.528083,43.7768543
1761207200022593,59337.4782986,19.9392776,0.105322257,0,zr,245.5281904,43.7768574
